Player,Date,Venue,Team,Opp,Comp,Result,Start,Minutes,Pos.,Weight(kg),Height(m),Age
Alex Oxlade-Chamberlain,01-04-2023,Away,Liverpool,Manchester City,Premier League,L 1-4,N,21,"FW,MF",75,1.8,28
Alex Oxlade-Chamberlain,15-03-2023,Away,Liverpool,Real Madrid,Champions League,L 0-1,N,18,MF,75,1.8,28
Alex Oxlade-Chamberlain,04-02-2023,Away,Liverpool,Wolves,Premier League,L 0-3,N,6,"FW,MF",75,1.8,28
Alex Oxlade-Chamberlain,14-01-2023,Away,Liverpool,Brighton,Premier League,L 0-3,Y,67,"FW,MF",75,1.8,28
Alex Oxlade-Chamberlain,07-01-2023,Home,Liverpool,Wolves,FA Cup,D 2-2,N,7,"FW,MF",75,1.8,28
Alex Oxlade-Chamberlain,02-01-2023,Away,Liverpool,Brentford,Premier League,L 1-3,Y,82,"FW,MF",75,1.8,28
Alex Oxlade-Chamberlain,30-12-2022,Home,Liverpool,Leicester City,Premier League,W 2-1,Y,61,"FW,MF",75,1.8,28
Alex Oxlade-Chamberlain,26-12-2022,Away,Liverpool,Aston Villa,Premier League,W 3-1,Y,66,"FW,MF",75,1.8,28
Alex Oxlade-Chamberlain,22-12-2022,Away,Liverpool,Manchester City,EFL Cup,L 2-3,N,45,MF,75,1.8,28
Alex Oxlade-Chamberlain,12-11-2022,Home,Liverpool,Southampton,Premier League,W 3-1,N,16,"FW,MF",75,1.8,28
Alex Oxlade-Chamberlain,09-11-2022,Home,Liverpool,Derby County,EFL Cup,D 0-0 (pk),Y,120,MF,75,1.8,28
Alex Oxlade-Chamberlain,06-11-2022,Away,Liverpool,Tottenham,Premier League,W 2-1,N,1,"FW,MF",75,1.8,28
Alex Oxlade-Chamberlain,22-10-2022,Away,Liverpool,Nott'ham Forest,Premier League,L 0-1,N,15,"FW,MF",75,1.8,28
Alexis Mac Allister,11-05-2025,Home,Liverpool,Arsenal,Premier League,D 2-2,N,24,MF,72,1.74,25
Alexis Mac Allister,04-05-2025,Away,Liverpool,Chelsea,Premier League,L 1-3,N,22,MF,72,1.74,25
Alexis Mac Allister,27-04-2025,Home,Liverpool,Tottenham,Premier League,W 5-1,Y,82,MF,72,1.74,25
Alexis Mac Allister,20-04-2025,Away,Liverpool,Leicester City,Premier League,W 1-0,Y,90,MF,72,1.74,25
Alexis Mac Allister,13-04-2025,Home,Liverpool,West Ham,Premier League,W 2-1,Y,90,MF,72,1.74,25
Alexis Mac Allister,06-04-2025,Away,Liverpool,Fulham,Premier League,L 2-3,Y,90,MF,72,1.74,25
Alexis Mac Allister,02-04-2025,Home,Liverpool,Everton,Premier League,W 1-0,Y,90,MF,72,1.74,25
Alexis Mac Allister,16-03-2025,Neutral,Liverpool,Newcastle Utd,EFL Cup,L 1-2,Y,66,MF,72,1.74,25
Alexis Mac Allister,11-03-2025,Home,Liverpool,Paris S-G,Champions League,L 0-1 (pk),Y,90,MF,72,1.74,25
Alexis Mac Allister,08-03-2025,Home,Liverpool,Southampton,Premier League,W 3-1,N,45,MF,72,1.74,25
Alexis Mac Allister,05-03-2025,Away,Liverpool,Paris S-G,Champions League,W 1-0 (pk),Y,90,MF,72,1.74,25
Alexis Mac Allister,26-02-2025,Home,Liverpool,Newcastle Utd,Premier League,W 2-0,Y,86,MF,72,1.74,25
Alexis Mac Allister,23-02-2025,Away,Liverpool,Manchester City,Premier League,W 2-0,Y,90,MF,72,1.74,25
Alexis Mac Allister,19-02-2025,Away,Liverpool,Aston Villa,Premier League,D 2-2,Y,80,MF,72,1.74,25
Alexis Mac Allister,16-02-2025,Home,Liverpool,Wolves,Premier League,W 2-1,Y,90,MF,72,1.74,25
Alexis Mac Allister,12-02-2025,Away,Liverpool,Everton,Premier League,D 2-2,Y,90,MF,72,1.74,25
Alexis Mac Allister,06-02-2025,Home,Liverpool,Tottenham,EFL Cup,W 4-0,N,19,MF,72,1.74,25
Alexis Mac Allister,01-02-2025,Away,Liverpool,Bournemouth,Premier League,W 2-0,Y,60,MF,72,1.74,25
Alexis Mac Allister,25-01-2025,Home,Liverpool,Ipswich Town,Premier League,W 4-1,Y,79,MF,72,1.74,25
Alexis Mac Allister,21-01-2025,Home,Liverpool,Lille,Champions League,W 2-1,N,45,MF,72,1.74,25
Alexis Mac Allister,18-01-2025,Away,Liverpool,Brentford,Premier League,W 2-0,Y,79,MF,72,1.74,25
Alexis Mac Allister,14-01-2025,Away,Liverpool,Nott'ham Forest,Premier League,D 1-1,Y,90,MF,72,1.74,25
Alexis Mac Allister,08-01-2025,Away,Liverpool,Tottenham,EFL Cup,L 0-1,Y,79,MF,72,1.74,25
Alexis Mac Allister,05-01-2025,Home,Liverpool,Manchester Utd,Premier League,D 2-2,Y,90,MF,72,1.74,25
Alexis Mac Allister,29-12-2024,Away,Liverpool,West Ham,Premier League,W 5-0,Y,90,MF,72,1.74,25
Alexis Mac Allister,26-12-2024,Home,Liverpool,Leicester City,Premier League,W 3-1,Y,89,MF,72,1.74,25
Alexis Mac Allister,22-12-2024,Away,Liverpool,Tottenham,Premier League,W 6-3,Y,67,MF,72,1.74,25
Alexis Mac Allister,18-12-2024,Away,Liverpool,Southampton,EFL Cup,W 2-1,Y,62,MF,72,1.74,25
Alexis Mac Allister,04-12-2024,Away,Liverpool,Newcastle Utd,Premier League,D 3-3,Y,90,MF,72,1.74,25
Alexis Mac Allister,01-12-2024,Home,Liverpool,Manchester City,Premier League,W 2-0,Y,90,MF,72,1.74,25
Alexis Mac Allister,27-11-2024,Home,Liverpool,Real Madrid,Champions League,W 2-0,Y,90,MF,72,1.74,25
Alexis Mac Allister,24-11-2024,Away,Liverpool,Southampton,Premier League,W 3-2,N,29,MF,72,1.74,25
Alexis Mac Allister,09-11-2024,Home,Liverpool,Aston Villa,Premier League,W 2-0,Y,86,MF,72,1.74,25
Alexis Mac Allister,05-11-2024,Home,Liverpool,Leverkusen,Champions League,W 4-0,Y,90,MF,72,1.74,25
Alexis Mac Allister,02-11-2024,Home,Liverpool,Brighton,Premier League,W 2-1,Y,65,MF,72,1.74,25
Alexis Mac Allister,30-10-2024,Away,Liverpool,Brighton,EFL Cup,W 3-2,N,27,MF,72,1.74,25
Alexis Mac Allister,27-10-2024,Away,Liverpool,Arsenal,Premier League,D 2-2,Y,62,MF,72,1.74,25
Alexis Mac Allister,23-10-2024,Away,Liverpool,RB Leipzig,Champions League,W 1-0,Y,90,MF,72,1.74,25
Alexis Mac Allister,20-10-2024,Home,Liverpool,Chelsea,Premier League,W 2-1,N,10,MF,72,1.74,25
Alexis Mac Allister,05-10-2024,Away,Liverpool,Crystal Palace,Premier League,W 1-0,Y,45,MF,72,1.74,25
Alexis Mac Allister,02-10-2024,Home,Liverpool,Bologna,Champions League,W 2-0,Y,90,MF,72,1.74,25
Alexis Mac Allister,28-09-2024,Away,Liverpool,Wolves,Premier League,W 2-1,Y,90,MF,72,1.74,25
Alexis Mac Allister,25-09-2024,Home,Liverpool,West Ham,EFL Cup,W 5-1,N,32,MF,72,1.74,25
Alexis Mac Allister,21-09-2024,Home,Liverpool,Bournemouth,Premier League,W 3-0,Y,90,MF,72,1.74,25
Alexis Mac Allister,17-09-2024,Away,Liverpool,Milan,Champions League,W 3-1,Y,89,MF,72,1.74,25
Alexis Mac Allister,14-09-2024,Home,Liverpool,Nott'ham Forest,Premier League,L 0-1,Y,59,MF,72,1.74,25
Alexis Mac Allister,01-09-2024,Away,Liverpool,Manchester Utd,Premier League,W 3-0,Y,90,MF,72,1.74,25
Alexis Mac Allister,25-08-2024,Home,Liverpool,Brentford,Premier League,W 2-0,Y,90,MF,72,1.74,25
Alexis Mac Allister,17-08-2024,Away,Liverpool,Ipswich Town,Premier League,W 2-0,Y,90,MF,72,1.74,25
Alexis Mac Allister,19-05-2024,Home,Liverpool,Wolves,Premier League,W 2-0,Y,69,MF,72,1.74,24
Alexis Mac Allister,13-05-2024,Away,Liverpool,Aston Villa,Premier League,D 3-3,Y,90,MF,72,1.74,24
Alexis Mac Allister,05-05-2024,Home,Liverpool,Tottenham,Premier League,W 4-2,Y,74,MF,72,1.74,24
Alexis Mac Allister,27-04-2024,Away,Liverpool,West Ham,Premier League,D 2-2,Y,90,MF,72,1.74,24
Alexis Mac Allister,24-04-2024,Away,Liverpool,Everton,Premier League,L 0-2,Y,90,MF,72,1.74,24
Alexis Mac Allister,21-04-2024,Away,Liverpool,Fulham,Premier League,W 3-1,N,17,MF,72,1.74,24
Alexis Mac Allister,18-04-2024,Away,Liverpool,Atalanta,Europa League,W 1-0,Y,90,MF,72,1.74,24
Alexis Mac Allister,14-04-2024,Home,Liverpool,Crystal Palace,Premier League,L 0-1,Y,90,MF,72,1.74,24
Alexis Mac Allister,11-04-2024,Home,Liverpool,Atalanta,Europa League,L 0-3,Y,90,MF,72,1.74,24
Alexis Mac Allister,07-04-2024,Away,Liverpool,Manchester Utd,Premier League,D 2-2,Y,90,MF,72,1.74,24
Alexis Mac Allister,04-04-2024,Home,Liverpool,Sheffield Utd,Premier League,W 3-1,Y,90,MF,72,1.74,24
Alexis Mac Allister,31-03-2024,Home,Liverpool,Brighton,Premier League,W 2-1,Y,90,MF,72,1.74,24
Alexis Mac Allister,17-03-2024,Away,Liverpool,Manchester Utd,FA Cup,L 3-4 (aet),Y,120,MF,72,1.74,24
Alexis Mac Allister,10-03-2024,Home,Liverpool,Manchester City,Premier League,D 1-1,Y,90,MF,72,1.74,24
Alexis Mac Allister,07-03-2024,Away,Liverpool,Sparta Prague,Europa League,W 5-1,Y,64,MF,72,1.74,24
Alexis Mac Allister,02-03-2024,Away,Liverpool,Nott'ham Forest,Premier League,W 1-0,Y,90,MF,72,1.74,24
Alexis Mac Allister,28-02-2024,Home,Liverpool,Southampton,FA Cup,W 3-0,N,29,MF,72,1.74,24
Alexis Mac Allister,25-02-2024,Away,Liverpool,Chelsea,EFL Cup,W 1-0 (aet),Y,86,MF,72,1.74,24
Alexis Mac Allister,21-02-2024,Home,Liverpool,Luton Town,Premier League,W 4-1,Y,88,MF,72,1.74,24
Alexis Mac Allister,17-02-2024,Away,Liverpool,Brentford,Premier League,W 4-1,Y,82,MF,72,1.74,24
Alexis Mac Allister,10-02-2024,Home,Liverpool,Burnley,Premier League,W 3-1,Y,89,MF,72,1.74,24
Alexis Mac Allister,04-02-2024,Away,Liverpool,Arsenal,Premier League,L 1-3,Y,90,MF,72,1.74,24
Alexis Mac Allister,31-01-2024,Home,Liverpool,Chelsea,Premier League,W 4-1,Y,90,MF,72,1.74,24
Alexis Mac Allister,24-01-2024,Away,Liverpool,Fulham,EFL Cup,D 1-1,Y,66,MF,72,1.74,24
Alexis Mac Allister,21-01-2024,Away,Liverpool,Bournemouth,Premier League,W 4-0,Y,90,MF,72,1.74,24
Alexis Mac Allister,10-01-2024,Home,Liverpool,Fulham,EFL Cup,W 2-1,Y,90,MF,72,1.74,24
Alexis Mac Allister,07-01-2024,Away,Liverpool,Arsenal,FA Cup,W 2-0,Y,58,MF,72,1.74,24
Alexis Mac Allister,01-01-2024,Home,Liverpool,Newcastle Utd,Premier League,W 4-2,N,16,MF,72,1.74,24
Alexis Mac Allister,06-12-2023,Away,Liverpool,Sheffield Utd,Premier League,W 2-0,Y,56,MF,72,1.74,24
Alexis Mac Allister,03-12-2023,Home,Liverpool,Fulham,Premier League,W 4-3,Y,64,MF,72,1.74,24
Alexis Mac Allister,25-11-2023,Away,Liverpool,Manchester City,Premier League,D 1-1,Y,84,MF,72,1.74,24
Alexis Mac Allister,09-11-2023,Away,Liverpool,Toulouse,Europa League,L 2-3,Y,90,MF,72,1.74,24
Alexis Mac Allister,05-11-2023,Away,Liverpool,Luton Town,Premier League,D 1-1,Y,90,MF,72,1.74,24
Alexis Mac Allister,01-11-2023,Away,Liverpool,Bournemouth,EFL Cup,W 2-1,N,30,MF,72,1.74,24
Alexis Mac Allister,29-10-2023,Home,Liverpool,Nott'ham Forest,Premier League,W 3-0,Y,90,MF,72,1.74,24
Alexis Mac Allister,21-10-2023,Home,Liverpool,Everton,Premier League,W 2-0,Y,90,MF,72,1.74,24
Alexis Mac Allister,08-10-2023,Away,Liverpool,Brighton,Premier League,D 2-2,Y,90,MF,72,1.74,24
Alexis Mac Allister,05-10-2023,Home,Liverpool,Union SG,Europa League,W 2-0,N,45,MF,72,1.74,24
Alexis Mac Allister,30-09-2023,Away,Liverpool,Tottenham,Premier League,L 1-2,Y,79,MF,72,1.74,24
Alexis Mac Allister,24-09-2023,Home,Liverpool,West Ham,Premier League,W 3-1,Y,87,MF,72,1.74,24
Alexis Mac Allister,21-09-2023,Away,Liverpool,LASK,Europa League,W 3-1,N,30,MF,72,1.74,24
Alexis Mac Allister,16-09-2023,Away,Liverpool,Wolves,Premier League,W 3-1,Y,45,MF,72,1.74,24
Alexis Mac Allister,03-09-2023,Home,Liverpool,Aston Villa,Premier League,W 3-0,Y,86,MF,72,1.74,24
Alexis Mac Allister,27-08-2023,Away,Liverpool,Newcastle Utd,Premier League,W 2-1,Y,76,MF,72,1.74,24
Alexis Mac Allister,19-08-2023,Home,Liverpool,Bournemouth,Premier League,W 3-1,Y,57,MF,72,1.74,24
Alexis Mac Allister,13-08-2023,Away,Liverpool,Chelsea,Premier League,D 1-1,Y,90,MF,72,1.74,24
Alisson,25-05-2025,Home,Liverpool,Crystal Palace,Premier League,D 1-1,Y,90,GK,91,1.93,31
Alisson,19-05-2025,Away,Liverpool,Brighton,Premier League,L 2-3,Y,90,GK,91,1.93,31
Alisson,11-05-2025,Home,Liverpool,Arsenal,Premier League,D 2-2,Y,90,GK,91,1.93,31
Alisson,04-05-2025,Away,Liverpool,Chelsea,Premier League,L 1-3,Y,90,GK,91,1.93,31
Alisson,27-04-2025,Home,Liverpool,Tottenham,Premier League,W 5-1,Y,90,GK,91,1.93,31
Alisson,20-04-2025,Away,Liverpool,Leicester City,Premier League,W 1-0,Y,90,GK,91,1.93,31
Alisson,13-04-2025,Home,Liverpool,West Ham,Premier League,W 2-1,Y,90,GK,91,1.93,31
Alisson,11-03-2025,Home,Liverpool,Paris S-G,Champions League,L 0-1 (pk),Y,120,GK,91,1.93,31
Alisson,08-03-2025,Home,Liverpool,Southampton,Premier League,W 3-1,Y,90,GK,91,1.93,31
Alisson,05-03-2025,Away,Liverpool,Paris S-G,Champions League,W 1-0 (pk),Y,90,GK,91,1.93,31
Alisson,26-02-2025,Home,Liverpool,Newcastle Utd,Premier League,W 2-0,Y,90,GK,91,1.93,31
Alisson,23-02-2025,Away,Liverpool,Manchester City,Premier League,W 2-0,Y,90,GK,91,1.93,31
Alisson,19-02-2025,Away,Liverpool,Aston Villa,Premier League,D 2-2,Y,90,GK,91,1.93,31
Alisson,16-02-2025,Home,Liverpool,Wolves,Premier League,W 2-1,Y,90,GK,91,1.93,31
Alisson,12-02-2025,Away,Liverpool,Everton,Premier League,D 2-2,Y,90,GK,91,1.93,31
Alisson,01-02-2025,Away,Liverpool,Bournemouth,Premier League,W 2-0,Y,90,GK,91,1.93,31
Alisson,25-01-2025,Home,Liverpool,Ipswich Town,Premier League,W 4-1,Y,90,GK,91,1.93,31
Alisson,21-01-2025,Home,Liverpool,Lille,Champions League,W 2-1,Y,90,GK,91,1.93,31
Alisson,18-01-2025,Away,Liverpool,Brentford,Premier League,W 2-0,Y,90,GK,91,1.93,31
Alisson,14-01-2025,Away,Liverpool,Nott'ham Forest,Premier League,D 1-1,Y,90,GK,91,1.93,31
Alisson,08-01-2025,Away,Liverpool,Tottenham,EFL Cup,L 0-1,Y,90,GK,91,1.93,31
Alisson,05-01-2025,Home,Liverpool,Manchester Utd,Premier League,D 2-2,Y,90,GK,91,1.93,31
Alisson,29-12-2024,Away,Liverpool,West Ham,Premier League,W 5-0,Y,90,GK,91,1.93,31
Alisson,26-12-2024,Home,Liverpool,Leicester City,Premier League,W 3-1,Y,90,GK,91,1.93,31
Alisson,22-12-2024,Away,Liverpool,Tottenham,Premier League,W 6-3,Y,90,GK,91,1.93,31
Alisson,14-12-2024,Home,Liverpool,Fulham,Premier League,D 2-2,Y,90,GK,91,1.93,31
Alisson,10-12-2024,Away,Liverpool,Girona,Champions League,W 1-0,Y,90,GK,91,1.93,31
Alisson,05-10-2024,Away,Liverpool,Crystal Palace,Premier League,W 1-0,Y,78,GK,91,1.93,31
Alisson,02-10-2024,Home,Liverpool,Bologna,Champions League,W 2-0,Y,90,GK,91,1.93,31
Alisson,28-09-2024,Away,Liverpool,Wolves,Premier League,W 2-1,Y,90,GK,91,1.93,31
Alisson,17-09-2024,Away,Liverpool,Milan,Champions League,W 3-1,Y,90,GK,91,1.93,31
Alisson,14-09-2024,Home,Liverpool,Nott'ham Forest,Premier League,L 0-1,Y,90,GK,91,1.93,31
Alisson,01-09-2024,Away,Liverpool,Manchester Utd,Premier League,W 3-0,Y,90,GK,91,1.93,31
Alisson,25-08-2024,Home,Liverpool,Brentford,Premier League,W 2-0,Y,90,GK,91,1.93,31
Alisson,17-08-2024,Away,Liverpool,Ipswich Town,Premier League,W 2-0,Y,90,GK,91,1.93,31
Alisson,19-05-2024,Home,Liverpool,Wolves,Premier League,W 2-0,Y,90,GK,91,1.93,30
Alisson,13-05-2024,Away,Liverpool,Aston Villa,Premier League,D 3-3,Y,90,GK,91,1.93,30
Alisson,05-05-2024,Home,Liverpool,Tottenham,Premier League,W 4-2,Y,90,GK,91,1.93,30
Alisson,27-04-2024,Away,Liverpool,West Ham,Premier League,D 2-2,Y,90,GK,91,1.93,30
Alisson,24-04-2024,Away,Liverpool,Everton,Premier League,L 0-2,Y,90,GK,91,1.93,30
Alisson,21-04-2024,Away,Liverpool,Fulham,Premier League,W 3-1,Y,90,GK,91,1.93,30
Alisson,18-04-2024,Away,Liverpool,Atalanta,Europa League,W 1-0,Y,90,GK,91,1.93,30
Alisson,14-04-2024,Home,Liverpool,Crystal Palace,Premier League,L 0-1,Y,90,GK,91,1.93,30
Alisson,04-02-2024,Away,Liverpool,Arsenal,Premier League,L 1-3,Y,90,GK,91,1.93,30
Alisson,31-01-2024,Home,Liverpool,Chelsea,Premier League,W 4-1,Y,90,GK,91,1.93,30
Alisson,28-01-2024,Home,Liverpool,Norwich City,FA Cup,W 5-2,Y,90,GK,91,1.93,30
Alisson,21-01-2024,Away,Liverpool,Bournemouth,Premier League,W 4-0,Y,90,GK,91,1.93,30
Alisson,07-01-2024,Away,Liverpool,Arsenal,FA Cup,W 2-0,Y,90,GK,91,1.93,30
Alisson,01-01-2024,Home,Liverpool,Newcastle Utd,Premier League,W 4-2,Y,90,GK,91,1.93,30
Alisson,26-12-2023,Away,Liverpool,Burnley,Premier League,W 2-0,Y,90,GK,91,1.93,30
Alisson,23-12-2023,Home,Liverpool,Arsenal,Premier League,D 1-1,Y,90,GK,91,1.93,30
Alisson,17-12-2023,Home,Liverpool,Manchester Utd,Premier League,D 0-0,Y,90,GK,91,1.93,30
Alisson,09-12-2023,Away,Liverpool,Crystal Palace,Premier League,W 2-1,Y,90,GK,91,1.93,30
Alisson,25-11-2023,Away,Liverpool,Manchester City,Premier League,D 1-1,Y,90,GK,91,1.93,30
Alisson,12-11-2023,Home,Liverpool,Brentford,Premier League,W 3-0,Y,90,GK,91,1.93,30
Alisson,05-11-2023,Away,Liverpool,Luton Town,Premier League,D 1-1,Y,90,GK,91,1.93,30
Alisson,29-10-2023,Home,Liverpool,Nott'ham Forest,Premier League,W 3-0,Y,90,GK,91,1.93,30
Alisson,21-10-2023,Home,Liverpool,Everton,Premier League,W 2-0,Y,90,GK,91,1.93,30
Alisson,08-10-2023,Away,Liverpool,Brighton,Premier League,D 2-2,Y,90,GK,91,1.93,30
Alisson,05-10-2023,Home,Liverpool,Union SG,Europa League,W 2-0,Y,90,GK,91,1.93,30
Alisson,30-09-2023,Away,Liverpool,Tottenham,Premier League,L 1-2,Y,90,GK,91,1.93,30
Alisson,24-09-2023,Home,Liverpool,West Ham,Premier League,W 3-1,Y,90,GK,91,1.93,30
Alisson,16-09-2023,Away,Liverpool,Wolves,Premier League,W 3-1,Y,90,GK,91,1.93,30
Alisson,03-09-2023,Home,Liverpool,Aston Villa,Premier League,W 3-0,Y,90,GK,91,1.93,30
Alisson,27-08-2023,Away,Liverpool,Newcastle Utd,Premier League,W 2-1,Y,90,GK,91,1.93,30
Alisson,19-08-2023,Home,Liverpool,Bournemouth,Premier League,W 3-1,Y,90,GK,91,1.93,30
Alisson,13-08-2023,Away,Liverpool,Chelsea,Premier League,D 1-1,Y,90,GK,91,1.93,30
Alisson,20-05-2023,Home,Liverpool,Aston Villa,Premier League,D 1-1,Y,90,GK,91,1.93,29
Alisson,15-05-2023,Away,Liverpool,Leicester City,Premier League,W 3-0,Y,90,GK,91,1.93,29
Alisson,06-05-2023,Home,Liverpool,Brentford,Premier League,W 1-0,Y,90,GK,91,1.93,29
Alisson,03-05-2023,Home,Liverpool,Fulham,Premier League,W 1-0,Y,90,GK,91,1.93,29
Alisson,30-04-2023,Home,Liverpool,Tottenham,Premier League,W 4-3,Y,90,GK,91,1.93,29
Alisson,26-04-2023,Away,Liverpool,West Ham,Premier League,W 2-1,Y,90,GK,91,1.93,29
Alisson,22-04-2023,Home,Liverpool,Nott'ham Forest,Premier League,W 3-2,Y,90,GK,91,1.93,29
Alisson,17-04-2023,Away,Liverpool,Leeds United,Premier League,W 6-1,Y,90,GK,91,1.93,29
Alisson,09-04-2023,Home,Liverpool,Arsenal,Premier League,D 2-2,Y,90,GK,91,1.93,29
Alisson,04-04-2023,Away,Liverpool,Chelsea,Premier League,D 0-0,Y,90,GK,91,1.93,29
Alisson,01-04-2023,Away,Liverpool,Manchester City,Premier League,L 1-4,Y,90,GK,91,1.93,29
Alisson,15-03-2023,Away,Liverpool,Real Madrid,Champions League,L 0-1,Y,90,GK,91,1.93,29
Alisson,11-03-2023,Away,Liverpool,Bournemouth,Premier League,L 0-1,Y,90,GK,91,1.93,29
Alisson,05-03-2023,Home,Liverpool,Manchester Utd,Premier League,W 7-0,Y,90,GK,91,1.93,29
Alisson,01-03-2023,Home,Liverpool,Wolves,Premier League,W 2-0,Y,90,GK,91,1.93,29
Alisson,25-02-2023,Away,Liverpool,Crystal Palace,Premier League,D 0-0,Y,90,GK,91,1.93,29
Alisson,21-02-2023,Home,Liverpool,Real Madrid,Champions League,L 2-5,Y,90,GK,91,1.93,29
Alisson,18-02-2023,Away,Liverpool,Newcastle Utd,Premier League,W 2-0,Y,90,GK,91,1.93,29
Alisson,13-02-2023,Home,Liverpool,Everton,Premier League,W 2-0,Y,90,GK,91,1.93,29
Alisson,04-02-2023,Away,Liverpool,Wolves,Premier League,L 0-3,Y,90,GK,91,1.93,29
Alisson,29-01-2023,Away,Liverpool,Brighton,FA Cup,L 1-2,Y,90,GK,91,1.93,29
Alisson,21-01-2023,Home,Liverpool,Chelsea,Premier League,D 0-0,Y,90,GK,91,1.93,29
Alisson,14-01-2023,Away,Liverpool,Brighton,Premier League,L 0-3,Y,90,GK,91,1.93,29
Alisson,07-01-2023,Home,Liverpool,Wolves,FA Cup,D 2-2,Y,90,GK,91,1.93,29
Alisson,02-01-2023,Away,Liverpool,Brentford,Premier League,L 1-3,Y,90,GK,91,1.93,29
Alisson,30-12-2022,Home,Liverpool,Leicester City,Premier League,W 2-1,Y,90,GK,91,1.93,29
Alisson,26-12-2022,Away,Liverpool,Aston Villa,Premier League,W 3-1,Y,90,GK,91,1.93,29
Alisson,12-11-2022,Home,Liverpool,Southampton,Premier League,W 3-1,Y,90,GK,91,1.93,29
Alisson,06-11-2022,Away,Liverpool,Tottenham,Premier League,W 2-1,Y,90,GK,91,1.93,29
Alisson,01-11-2022,Home,Liverpool,Napoli,Champions League,W 2-0,Y,90,GK,91,1.93,29
Alisson,29-10-2022,Home,Liverpool,Leeds United,Premier League,L 1-2,Y,90,GK,91,1.93,29
Alisson,26-10-2022,Away,Liverpool,Ajax,Champions League,W 3-0,Y,90,GK,91,1.93,29
Alisson,22-10-2022,Away,Liverpool,Nott'ham Forest,Premier League,L 0-1,Y,90,GK,91,1.93,29
Alisson,19-10-2022,Home,Liverpool,West Ham,Premier League,W 1-0,Y,90,GK,91,1.93,29
Alisson,16-10-2022,Home,Liverpool,Manchester City,Premier League,W 1-0,Y,90,GK,91,1.93,29
Alisson,12-10-2022,Away,Liverpool,Rangers,Champions League,W 7-1,Y,90,GK,91,1.93,29
Alisson,09-10-2022,Away,Liverpool,Arsenal,Premier League,L 2-3,Y,90,GK,91,1.93,29
Alisson,04-10-2022,Home,Liverpool,Rangers,Champions League,W 2-0,Y,90,GK,91,1.93,29
Alisson,01-10-2022,Home,Liverpool,Brighton,Premier League,D 3-3,Y,90,GK,91,1.93,29
Alisson,13-09-2022,Home,Liverpool,Ajax,Champions League,W 2-1,Y,90,GK,91,1.93,29
Alisson,07-09-2022,Away,Liverpool,Napoli,Champions League,L 1-4,Y,90,GK,91,1.93,29
Alisson,03-09-2022,Away,Liverpool,Everton,Premier League,D 0-0,Y,90,GK,91,1.93,29
Alisson,31-08-2022,Home,Liverpool,Newcastle Utd,Premier League,W 2-1,Y,90,GK,91,1.93,29
Alisson,27-08-2022,Home,Liverpool,Bournemouth,Premier League,W 9-0,Y,90,GK,91,1.93,29
Alisson,22-08-2022,Away,Liverpool,Manchester Utd,Premier League,L 1-2,Y,90,GK,91,1.93,29
Alisson,15-08-2022,Home,Liverpool,Crystal Palace,Premier League,D 1-1,Y,90,GK,91,1.93,29
Alisson,06-08-2022,Away,Liverpool,Fulham,Premier League,D 2-2,Y,90,GK,91,1.93,29
Andrew Robertson,25-05-2025,Home,Liverpool,Crystal Palace,Premier League,D 1-1,Y,84,DF,64,1.78,30
Andrew Robertson,11-05-2025,Home,Liverpool,Arsenal,Premier League,D 2-2,Y,90,DF,64,1.78,30
Andrew Robertson,27-04-2025,Home,Liverpool,Tottenham,Premier League,W 5-1,Y,90,DF,64,1.78,30
Andrew Robertson,13-04-2025,Home,Liverpool,West Ham,Premier League,W 2-1,N,31,DF,64,1.78,30
Andrew Robertson,06-04-2025,Away,Liverpool,Fulham,Premier League,L 2-3,Y,81,DF,64,1.78,30
Andrew Robertson,02-04-2025,Home,Liverpool,Everton,Premier League,W 1-0,Y,90,DF,64,1.78,30
Andrew Robertson,16-03-2025,Neutral,Liverpool,Newcastle Utd,EFL Cup,L 1-2,Y,90,DF,64,1.78,30
Andrew Robertson,11-03-2025,Home,Liverpool,Paris S-G,Champions League,L 0-1 (pk),Y,120,DF,64,1.78,30
Andrew Robertson,08-03-2025,Home,Liverpool,Southampton,Premier League,W 3-1,N,45,DF,64,1.78,30
Andrew Robertson,05-03-2025,Away,Liverpool,Paris S-G,Champions League,W 1-0 (pk),Y,90,DF,64,1.78,30
Andrew Robertson,23-02-2025,Away,Liverpool,Manchester City,Premier League,W 2-0,Y,73,DF,64,1.78,30
Andrew Robertson,19-02-2025,Away,Liverpool,Aston Villa,Premier League,D 2-2,Y,90,DF,64,1.78,30
Andrew Robertson,16-02-2025,Home,Liverpool,Wolves,Premier League,W 2-1,Y,90,DF,64,1.78,30
Andrew Robertson,12-02-2025,Away,Liverpool,Everton,Premier League,D 2-2,Y,68,DF,64,1.78,30
Andrew Robertson,06-02-2025,Home,Liverpool,Tottenham,EFL Cup,W 4-0,Y,90,DF,64,1.78,30
Andrew Robertson,01-02-2025,Away,Liverpool,Bournemouth,Premier League,W 2-0,Y,90,DF,64,1.78,30
Andrew Robertson,29-01-2025,Away,Liverpool,PSV Eindhoven,Champions League,L 2-3,Y,63,DF,64,1.78,30
Andrew Robertson,25-01-2025,Home,Liverpool,Ipswich Town,Premier League,W 4-1,Y,90,DF,64,1.78,30
Andrew Robertson,18-01-2025,Away,Liverpool,Brentford,Premier League,W 2-0,N,26,DF,64,1.78,30
Andrew Robertson,14-01-2025,Away,Liverpool,Nott'ham Forest,Premier League,D 1-1,Y,64,DF,64,1.78,30
Andrew Robertson,05-01-2025,Home,Liverpool,Manchester Utd,Premier League,D 2-2,Y,90,DF,64,1.78,30
Andrew Robertson,29-12-2024,Away,Liverpool,West Ham,Premier League,W 5-0,Y,73,DF,64,1.78,30
Andrew Robertson,26-12-2024,Home,Liverpool,Leicester City,Premier League,W 3-1,Y,86,DF,64,1.78,30
Andrew Robertson,22-12-2024,Away,Liverpool,Tottenham,Premier League,W 6-3,Y,90,DF,64,1.78,30
Andrew Robertson,14-12-2024,Home,Liverpool,Fulham,Premier League,D 2-2,Y,15,DF,64,1.78,30
Andrew Robertson,10-12-2024,Away,Liverpool,Girona,Champions League,W 1-0,Y,90,DF,64,1.78,30
Andrew Robertson,04-12-2024,Away,Liverpool,Newcastle Utd,Premier League,D 3-3,Y,90,DF,64,1.78,30
Andrew Robertson,01-12-2024,Home,Liverpool,Manchester City,Premier League,W 2-0,Y,90,DF,64,1.78,30
Andrew Robertson,27-11-2024,Home,Liverpool,Real Madrid,Champions League,W 2-0,Y,90,DF,64,1.78,30
Andrew Robertson,24-11-2024,Away,Liverpool,Southampton,Premier League,W 3-2,Y,90,DF,64,1.78,30
Andrew Robertson,09-11-2024,Home,Liverpool,Aston Villa,Premier League,W 2-0,Y,90,DF,64,1.78,30
Andrew Robertson,05-11-2024,Home,Liverpool,Leverkusen,Champions League,W 4-0,N,10,DF,64,1.78,30
Andrew Robertson,30-10-2024,Away,Liverpool,Brighton,EFL Cup,W 3-2,Y,90,DF,64,1.78,30
Andrew Robertson,27-10-2024,Away,Liverpool,Arsenal,Premier League,D 2-2,Y,62,DF,64,1.78,30
Andrew Robertson,23-10-2024,Away,Liverpool,RB Leipzig,Champions League,W 1-0,N,16,DF,64,1.78,30
Andrew Robertson,20-10-2024,Home,Liverpool,Chelsea,Premier League,W 2-1,Y,90,DF,64,1.78,30
Andrew Robertson,05-10-2024,Away,Liverpool,Crystal Palace,Premier League,W 1-0,N,12,DF,64,1.78,30
Andrew Robertson,02-10-2024,Home,Liverpool,Bologna,Champions League,W 2-0,Y,71,DF,64,1.78,30
Andrew Robertson,28-09-2024,Away,Liverpool,Wolves,Premier League,W 2-1,Y,88,DF,64,1.78,30
Andrew Robertson,25-09-2024,Home,Liverpool,West Ham,EFL Cup,W 5-1,N,9,DF,64,1.78,30
Andrew Robertson,21-09-2024,Home,Liverpool,Bournemouth,Premier League,W 3-0,Y,90,DF,64,1.78,30
Andrew Robertson,14-09-2024,Home,Liverpool,Nott'ham Forest,Premier League,L 0-1,Y,74,DF,64,1.78,30
Andrew Robertson,01-09-2024,Away,Liverpool,Manchester Utd,Premier League,W 3-0,Y,82,DF,64,1.78,30
Andrew Robertson,25-08-2024,Home,Liverpool,Brentford,Premier League,W 2-0,Y,90,DF,64,1.78,30
Andrew Robertson,17-08-2024,Away,Liverpool,Ipswich Town,Premier League,W 2-0,Y,78,DF,64,1.78,30
Andrew Robertson,19-05-2024,Home,Liverpool,Wolves,Premier League,W 2-0,Y,90,DF,64,1.78,29
Andrew Robertson,05-05-2024,Home,Liverpool,Tottenham,Premier League,W 4-2,Y,63,DF,64,1.78,29
Andrew Robertson,27-04-2024,Away,Liverpool,West Ham,Premier League,D 2-2,Y,90,DF,64,1.78,29
Andrew Robertson,24-04-2024,Away,Liverpool,Everton,Premier League,L 0-2,Y,83,DF,64,1.78,29
Andrew Robertson,21-04-2024,Away,Liverpool,Fulham,Premier League,W 3-1,Y,90,DF,64,1.78,29
Andrew Robertson,18-04-2024,Away,Liverpool,Atalanta,Europa League,W 1-0,Y,78,DF,64,1.78,29
Andrew Robertson,14-04-2024,Home,Liverpool,Crystal Palace,Premier League,L 0-1,Y,90,DF,64,1.78,29
Andrew Robertson,11-04-2024,Home,Liverpool,Atalanta,Europa League,L 0-3,N,45,DF,64,1.78,29
Andrew Robertson,07-04-2024,Away,Liverpool,Manchester Utd,Premier League,D 2-2,Y,90,DF,64,1.78,29
Andrew Robertson,04-04-2024,Home,Liverpool,Sheffield Utd,Premier League,W 3-1,N,31,DF,64,1.78,29
Andrew Robertson,17-03-2024,Away,Liverpool,Manchester Utd,FA Cup,L 3-4 (aet),Y,75,DF,64,1.78,29
Andrew Robertson,14-03-2024,Home,Liverpool,Sparta Prague,Europa League,W 6-1,Y,90,DF,64,1.78,29
Andrew Robertson,10-03-2024,Home,Liverpool,Manchester City,Premier League,D 1-1,N,30,DF,64,1.78,29
Andrew Robertson,07-03-2024,Away,Liverpool,Sparta Prague,Europa League,W 5-1,Y,90,DF,64,1.78,29
Andrew Robertson,02-03-2024,Away,Liverpool,Nott'ham Forest,Premier League,W 1-0,Y,59,DF,64,1.78,29
Andrew Robertson,25-02-2024,Away,Liverpool,Chelsea,EFL Cup,W 1-0 (aet),Y,86,DF,64,1.78,29
Andrew Robertson,21-02-2024,Home,Liverpool,Luton Town,Premier League,W 4-1,N,23,DF,64,1.78,29
Andrew Robertson,17-02-2024,Away,Liverpool,Brentford,Premier League,W 4-1,Y,90,DF,64,1.78,29
Andrew Robertson,10-02-2024,Home,Liverpool,Burnley,Premier League,W 3-1,Y,89,DF,64,1.78,29
Andrew Robertson,04-02-2024,Away,Liverpool,Arsenal,Premier League,L 1-3,N,33,DF,64,1.78,29
Andrew Robertson,31-01-2024,Home,Liverpool,Chelsea,Premier League,W 4-1,N,22,DF,64,1.78,29
Andrew Robertson,28-01-2024,Home,Liverpool,Norwich City,FA Cup,W 5-2,N,36,DF,64,1.78,29
Andrew Robertson,08-10-2023,Away,Liverpool,Brighton,Premier League,D 2-2,Y,90,DF,64,1.78,29
Andrew Robertson,30-09-2023,Away,Liverpool,Tottenham,Premier League,L 1-2,Y,90,DF,64,1.78,29
Andrew Robertson,24-09-2023,Home,Liverpool,West Ham,Premier League,W 3-1,Y,90,DF,64,1.78,29
Andrew Robertson,16-09-2023,Away,Liverpool,Wolves,Premier League,W 3-1,Y,90,DF,64,1.78,29
Andrew Robertson,03-09-2023,Home,Liverpool,Aston Villa,Premier League,W 3-0,Y,90,DF,64,1.78,29
Andrew Robertson,27-08-2023,Away,Liverpool,Newcastle Utd,Premier League,W 2-1,Y,90,DF,64,1.78,29
Andrew Robertson,19-08-2023,Home,Liverpool,Bournemouth,Premier League,W 3-1,Y,90,DF,64,1.78,29
Andrew Robertson,13-08-2023,Away,Liverpool,Chelsea,Premier League,D 1-1,Y,90,DF,64,1.78,29
Andrew Robertson,20-05-2023,Home,Liverpool,Aston Villa,Premier League,D 1-1,Y,71,DF,64,1.78,28
Andrew Robertson,15-05-2023,Away,Liverpool,Leicester City,Premier League,W 3-0,Y,90,DF,64,1.78,28
Andrew Robertson,06-05-2023,Home,Liverpool,Brentford,Premier League,W 1-0,Y,81,DF,64,1.78,28
Andrew Robertson,03-05-2023,Home,Liverpool,Fulham,Premier League,W 1-0,N,25,DF,64,1.78,28
Andrew Robertson,30-04-2023,Home,Liverpool,Tottenham,Premier League,W 4-3,Y,90,DF,64,1.78,28
Andrew Robertson,26-04-2023,Away,Liverpool,West Ham,Premier League,W 2-1,Y,90,DF,64,1.78,28
Andrew Robertson,22-04-2023,Home,Liverpool,Nott'ham Forest,Premier League,W 3-2,Y,90,DF,64,1.78,28
Andrew Robertson,17-04-2023,Away,Liverpool,Leeds United,Premier League,W 6-1,Y,90,DF,64,1.78,28
Andrew Robertson,09-04-2023,Home,Liverpool,Arsenal,Premier League,D 2-2,Y,90,DF,64,1.78,28
Andrew Robertson,04-04-2023,Away,Liverpool,Chelsea,Premier League,D 0-0,N,25,DF,64,1.78,28
Andrew Robertson,01-04-2023,Away,Liverpool,Manchester City,Premier League,L 1-4,Y,69,DF,64,1.78,28
Andrew Robertson,15-03-2023,Away,Liverpool,Real Madrid,Champions League,L 0-1,Y,89,DF,64,1.78,28
Andrew Robertson,11-03-2023,Away,Liverpool,Bournemouth,Premier League,L 0-1,Y,90,DF,64,1.78,28
Andrew Robertson,05-03-2023,Home,Liverpool,Manchester Utd,Premier League,W 7-0,Y,90,DF,64,1.78,28
Andrew Robertson,25-02-2023,Away,Liverpool,Crystal Palace,Premier League,D 0-0,Y,90,DF,64,1.78,28
Andrew Robertson,21-02-2023,Home,Liverpool,Real Madrid,Champions League,L 2-5,Y,90,DF,64,1.78,28
Andrew Robertson,18-02-2023,Away,Liverpool,Newcastle Utd,Premier League,W 2-0,Y,90,DF,64,1.78,28
Andrew Robertson,13-02-2023,Home,Liverpool,Everton,Premier League,W 2-0,Y,90,DF,64,1.78,28
Andrew Robertson,04-02-2023,Away,Liverpool,Wolves,Premier League,L 0-3,Y,85,DF,64,1.78,28
Andrew Robertson,29-01-2023,Away,Liverpool,Brighton,FA Cup,L 1-2,Y,90,DF,64,1.78,28
Andrew Robertson,21-01-2023,Home,Liverpool,Chelsea,Premier League,D 0-0,Y,90,DF,64,1.78,28
Andrew Robertson,14-01-2023,Away,Liverpool,Brighton,Premier League,L 0-3,Y,90,DF,64,1.78,28
Andrew Robertson,07-01-2023,Home,Liverpool,Wolves,FA Cup,D 2-2,Y,90,DF,64,1.78,28
Andrew Robertson,02-01-2023,Away,Liverpool,Brentford,Premier League,L 1-3,N,45,DF,64,1.78,28
Andrew Robertson,30-12-2022,Home,Liverpool,Leicester City,Premier League,W 2-1,Y,61,DF,64,1.78,28
Andrew Robertson,26-12-2022,Away,Liverpool,Aston Villa,Premier League,W 3-1,Y,90,DF,64,1.78,28
Andrew Robertson,22-12-2022,Away,Liverpool,Manchester City,EFL Cup,L 2-3,Y,90,DF,64,1.78,28
Andrew Robertson,12-11-2022,Home,Liverpool,Southampton,Premier League,W 3-1,Y,85,DF,64,1.78,28
Andrew Robertson,06-11-2022,Away,Liverpool,Tottenham,Premier League,W 2-1,Y,90,DF,64,1.78,28
Andrew Robertson,29-10-2022,Home,Liverpool,Leeds United,Premier League,L 1-2,Y,90,DF,64,1.78,28
Andrew Robertson,26-10-2022,Away,Liverpool,Ajax,Champions League,W 3-0,Y,86,DF,64,1.78,28
Andrew Robertson,22-10-2022,Away,Liverpool,Nott'ham Forest,Premier League,L 0-1,Y,90,DF,64,1.78,28
Andrew Robertson,19-10-2022,Home,Liverpool,West Ham,Premier League,W 1-0,N,10,DF,64,1.78,28
Andrew Robertson,16-10-2022,Home,Liverpool,Manchester City,Premier League,W 1-0,Y,90,DF,64,1.78,28
Andrew Robertson,12-10-2022,Away,Liverpool,Rangers,Champions League,W 7-1,N,23,DF,64,1.78,28
Andrew Robertson,07-09-2022,Away,Liverpool,Napoli,Champions League,L 1-4,Y,90,DF,64,1.78,28
Andrew Robertson,03-09-2022,Away,Liverpool,Everton,Premier League,D 0-0,N,32,DF,64,1.78,28
Andrew Robertson,31-08-2022,Home,Liverpool,Newcastle Utd,Premier League,W 2-1,Y,70,DF,64,1.78,28
Andrew Robertson,27-08-2022,Home,Liverpool,Bournemouth,Premier League,W 9-0,Y,68,DF,64,1.78,28
Andrew Robertson,22-08-2022,Away,Liverpool,Manchester Utd,Premier League,L 1-2,Y,84,DF,64,1.78,28
Andrew Robertson,15-08-2022,Home,Liverpool,Crystal Palace,Premier League,D 1-1,Y,62,DF,64,1.78,28
Andrew Robertson,06-08-2022,Away,Liverpool,Fulham,Premier League,D 2-2,Y,90,DF,64,1.78,28
Andrew Robertson,30-07-2022,Neutral,Liverpool,Manchester City,FA Community Shield,W 3-1,Y,90,DF,64,1.78,27
Ben Gannon-Doak,14-12-2023,Away,Liverpool,Union SG,Europa League,L 1-2,Y,62,FW,64,1.75,17
Ben Gannon-Doak,09-11-2023,Away,Liverpool,Toulouse,Europa League,L 2-3,Y,45,FW,64,1.75,17
Ben Gannon-Doak,27-09-2023,Home,Liverpool,Leicester City,EFL Cup,W 3-1,Y,64,FW,64,1.75,17
Ben Gannon-Doak,21-09-2023,Away,Liverpool,LASK,Europa League,W 3-1,Y,60,FW,64,1.75,17
Ben Gannon-Doak,13-08-2023,Away,Liverpool,Chelsea,Premier League,D 1-1,N,14,FW,64,1.75,17
Ben Gannon-Doak,17-01-2023,Away,Liverpool,Wolves,FA Cup,W 1-0,N,16,"FW,MF",64,1.75,17
Ben Gannon-Doak,14-01-2023,Away,Liverpool,Brighton,Premier League,L 0-3,N,23,FW,64,1.75,17
Ben Gannon-Doak,07-01-2023,Home,Liverpool,Wolves,FA Cup,D 2-2,N,6,"FW,MF",64,1.75,17
Ben Gannon-Doak,26-12-2022,Away,Liverpool,Aston Villa,Premier League,W 3-1,N,3,FW,64,1.75,17
Ben Gannon-Doak,09-11-2022,Home,Liverpool,Derby County,EFL Cup,D 0-0 (pk),N,47,"FW,MF",64,1.75,17
Bobby Clark,17-03-2024,Away,Liverpool,Manchester Utd,FA Cup,L 3-4 (aet),N,7,MF,74,1.78,18
Bobby Clark,14-03-2024,Home,Liverpool,Sparta Prague,Europa League,W 6-1,Y,72,MF,74,1.78,18
Bobby Clark,07-03-2024,Away,Liverpool,Sparta Prague,Europa League,W 5-1,N,26,MF,74,1.78,18
Bobby Clark,02-03-2024,Away,Liverpool,Nott'ham Forest,Premier League,W 1-0,Y,59,MF,74,1.78,18
Bobby Clark,28-02-2024,Home,Liverpool,Southampton,FA Cup,W 3-0,Y,90,MF,74,1.78,18
Bobby Clark,25-02-2024,Away,Liverpool,Chelsea,EFL Cup,W 1-0 (aet),N,49,MF,74,1.78,18
Bobby Clark,21-02-2024,Home,Liverpool,Luton Town,Premier League,W 4-1,N,13,MF,74,1.78,18
Bobby Clark,10-02-2024,Home,Liverpool,Burnley,Premier League,W 3-1,N,1,MF,74,1.78,18
Bobby Clark,31-01-2024,Home,Liverpool,Chelsea,Premier League,W 4-1,N,8,MF,74,1.78,18
Bobby Clark,24-01-2024,Away,Liverpool,Fulham,EFL Cup,D 1-1,N,7,MF,74,1.78,18
Bobby Clark,21-01-2024,Away,Liverpool,Bournemouth,Premier League,W 4-0,N,8,MF,74,1.78,18
Bobby Clark,07-01-2024,Away,Liverpool,Arsenal,FA Cup,W 2-0,N,16,MF,74,1.78,18
Bobby Clark,09-11-2022,Home,Liverpool,Derby County,EFL Cup,D 0-0 (pk),Y,65,MF,74,1.78,17
Bobby Clark,27-08-2022,Home,Liverpool,Bournemouth,Premier League,W 9-0,N,8,MF,74,1.78,17
Calum Scanlon,14-12-2023,Away,Liverpool,Union SG,Europa League,L 1-2,N,28,DF,60,1.71,18
Calum Scanlon,26-10-2023,Home,Liverpool,Toulouse,Europa League,W 5-1,N,25,DF,60,1.71,18
Calvin Ramsay,09-11-2022,Home,Liverpool,Derby County,EFL Cup,D 0-0 (pk),Y,120,DF,68,1.77,19
Calvin Ramsay,01-11-2022,Home,Liverpool,Napoli,Champions League,W 2-0,N,4,DF,68,1.77,19
Caoimhin Kelleher,06-04-2025,Away,Liverpool,Fulham,Premier League,L 2-3,Y,90,GK,81,1.88,25
Caoimhin Kelleher,02-04-2025,Home,Liverpool,Everton,Premier League,W 1-0,Y,90,GK,81,1.88,25
Caoimhin Kelleher,16-03-2025,Neutral,Liverpool,Newcastle Utd,EFL Cup,L 1-2,Y,90,GK,81,1.88,25
Caoimhin Kelleher,09-02-2025,Away,Liverpool,Plymouth Argyle,FA Cup,L 0-1,Y,90,GK,81,1.88,25
Caoimhin Kelleher,06-02-2025,Home,Liverpool,Tottenham,EFL Cup,W 4-0,Y,90,GK,81,1.88,25
Caoimhin Kelleher,29-01-2025,Away,Liverpool,PSV Eindhoven,Champions League,L 2-3,Y,90,GK,81,1.88,25
Caoimhin Kelleher,11-01-2025,Home,Liverpool,Acc'ton Stanley,FA Cup,W 4-0,Y,90,GK,81,1.88,25
Caoimhin Kelleher,18-12-2024,Away,Liverpool,Southampton,EFL Cup,W 2-1,Y,90,GK,81,1.88,25
Caoimhin Kelleher,04-12-2024,Away,Liverpool,Newcastle Utd,Premier League,D 3-3,Y,90,GK,81,1.88,25
Caoimhin Kelleher,01-12-2024,Home,Liverpool,Manchester City,Premier League,W 2-0,Y,90,GK,81,1.88,25
Caoimhin Kelleher,27-11-2024,Home,Liverpool,Real Madrid,Champions League,W 2-0,Y,90,GK,81,1.88,25
Caoimhin Kelleher,24-11-2024,Away,Liverpool,Southampton,Premier League,W 3-2,Y,90,GK,81,1.88,25
Caoimhin Kelleher,09-11-2024,Home,Liverpool,Aston Villa,Premier League,W 2-0,Y,90,GK,81,1.88,25
Caoimhin Kelleher,05-11-2024,Home,Liverpool,Leverkusen,Champions League,W 4-0,Y,90,GK,81,1.88,25
Caoimhin Kelleher,02-11-2024,Home,Liverpool,Brighton,Premier League,W 2-1,Y,90,GK,81,1.88,25
Caoimhin Kelleher,27-10-2024,Away,Liverpool,Arsenal,Premier League,D 2-2,Y,90,GK,81,1.88,25
Caoimhin Kelleher,23-10-2024,Away,Liverpool,RB Leipzig,Champions League,W 1-0,Y,90,GK,81,1.88,25
Caoimhin Kelleher,20-10-2024,Home,Liverpool,Chelsea,Premier League,W 2-1,Y,90,GK,81,1.88,25
Caoimhin Kelleher,25-09-2024,Home,Liverpool,West Ham,EFL Cup,W 5-1,Y,90,GK,81,1.88,25
Caoimhin Kelleher,21-09-2024,Home,Liverpool,Bournemouth,Premier League,W 3-0,Y,90,GK,81,1.88,25
Caoimhin Kelleher,11-04-2024,Home,Liverpool,Atalanta,Europa League,L 0-3,Y,90,GK,81,1.88,24
Caoimhin Kelleher,07-04-2024,Away,Liverpool,Manchester Utd,Premier League,D 2-2,Y,90,GK,81,1.88,24
Caoimhin Kelleher,04-04-2024,Home,Liverpool,Sheffield Utd,Premier League,W 3-1,Y,90,GK,81,1.88,24
Caoimhin Kelleher,31-03-2024,Home,Liverpool,Brighton,Premier League,W 2-1,Y,90,GK,81,1.88,24
Caoimhin Kelleher,17-03-2024,Away,Liverpool,Manchester Utd,FA Cup,L 3-4 (aet),Y,120,GK,81,1.88,24
Caoimhin Kelleher,14-03-2024,Home,Liverpool,Sparta Prague,Europa League,W 6-1,Y,90,GK,81,1.88,24
Caoimhin Kelleher,10-03-2024,Home,Liverpool,Manchester City,Premier League,D 1-1,Y,90,GK,81,1.88,24
Caoimhin Kelleher,07-03-2024,Away,Liverpool,Sparta Prague,Europa League,W 5-1,Y,90,GK,81,1.88,24
Caoimhin Kelleher,02-03-2024,Away,Liverpool,Nott'ham Forest,Premier League,W 1-0,Y,90,GK,81,1.88,24
Caoimhin Kelleher,28-02-2024,Home,Liverpool,Southampton,FA Cup,W 3-0,Y,90,GK,81,1.88,24
Caoimhin Kelleher,25-02-2024,Away,Liverpool,Chelsea,EFL Cup,W 1-0 (aet),Y,120,GK,81,1.88,24
Caoimhin Kelleher,21-02-2024,Home,Liverpool,Luton Town,Premier League,W 4-1,Y,90,GK,81,1.88,24
Caoimhin Kelleher,17-02-2024,Away,Liverpool,Brentford,Premier League,W 4-1,Y,90,GK,81,1.88,24
Caoimhin Kelleher,10-02-2024,Home,Liverpool,Burnley,Premier League,W 3-1,Y,90,GK,81,1.88,24
Caoimhin Kelleher,24-01-2024,Away,Liverpool,Fulham,EFL Cup,D 1-1,Y,90,GK,81,1.88,24
Caoimhin Kelleher,10-01-2024,Home,Liverpool,Fulham,EFL Cup,W 2-1,Y,90,GK,81,1.88,24
Caoimhin Kelleher,20-12-2023,Home,Liverpool,West Ham,EFL Cup,W 5-1,Y,90,GK,81,1.88,24
Caoimhin Kelleher,14-12-2023,Away,Liverpool,Union SG,Europa League,L 1-2,Y,90,GK,81,1.88,24
Caoimhin Kelleher,06-12-2023,Away,Liverpool,Sheffield Utd,Premier League,W 2-0,Y,90,GK,81,1.88,24
Caoimhin Kelleher,03-12-2023,Home,Liverpool,Fulham,Premier League,W 4-3,Y,90,GK,81,1.88,24
Caoimhin Kelleher,30-11-2023,Home,Liverpool,LASK,Europa League,W 4-0,Y,90,GK,81,1.88,24
Caoimhin Kelleher,09-11-2023,Away,Liverpool,Toulouse,Europa League,L 2-3,Y,90,GK,81,1.88,24
Caoimhin Kelleher,01-11-2023,Away,Liverpool,Bournemouth,EFL Cup,W 2-1,Y,90,GK,81,1.88,24
Caoimhin Kelleher,26-10-2023,Home,Liverpool,Toulouse,Europa League,W 5-1,Y,90,GK,81,1.88,24
Caoimhin Kelleher,27-09-2023,Home,Liverpool,Leicester City,EFL Cup,W 3-1,Y,90,GK,81,1.88,24
Caoimhin Kelleher,21-09-2023,Away,Liverpool,LASK,Europa League,W 3-1,Y,90,GK,81,1.88,24
Caoimhin Kelleher,28-05-2023,Away,Liverpool,Southampton,Premier League,D 4-4,Y,90,GK,81,1.88,23
Caoimhin Kelleher,17-01-2023,Away,Liverpool,Wolves,FA Cup,W 1-0,Y,90,GK,81,1.88,23
Caoimhin Kelleher,22-12-2022,Away,Liverpool,Manchester City,EFL Cup,L 2-3,Y,90,GK,81,1.88,23
Caoimhin Kelleher,09-11-2022,Home,Liverpool,Derby County,EFL Cup,D 0-0 (pk),Y,120,GK,81,1.88,23
Cody Gakpo,25-05-2025,Home,Liverpool,Crystal Palace,Premier League,D 1-1,Y,90,FW,78,1.87,25
Cody Gakpo,19-05-2025,Away,Liverpool,Brighton,Premier League,L 2-3,Y,62,FW,78,1.87,25
Cody Gakpo,11-05-2025,Home,Liverpool,Arsenal,Premier League,D 2-2,Y,66,FW,78,1.87,25
Cody Gakpo,04-05-2025,Away,Liverpool,Chelsea,Premier League,L 1-3,Y,90,FW,78,1.87,25
Cody Gakpo,27-04-2025,Home,Liverpool,Tottenham,Premier League,W 5-1,Y,67,FW,78,1.87,25
Cody Gakpo,20-04-2025,Away,Liverpool,Leicester City,Premier League,W 1-0,Y,59,FW,78,1.87,25
Cody Gakpo,13-04-2025,Home,Liverpool,West Ham,Premier League,W 2-1,N,31,FW,78,1.87,25
Cody Gakpo,06-04-2025,Away,Liverpool,Fulham,Premier League,L 2-3,Y,54,FW,78,1.87,25
Cody Gakpo,02-04-2025,Home,Liverpool,Everton,Premier League,W 1-0,N,5,FW,78,1.87,25
Cody Gakpo,16-03-2025,Neutral,Liverpool,Newcastle Utd,EFL Cup,L 1-2,N,24,"MF,FW",78,1.87,25
Cody Gakpo,11-03-2025,Home,Liverpool,Paris S-G,Champions League,L 0-1 (pk),N,19,FW,78,1.87,25
Cody Gakpo,26-02-2025,Home,Liverpool,Newcastle Utd,Premier League,W 2-0,N,29,FW,78,1.87,25
Cody Gakpo,23-02-2025,Away,Liverpool,Manchester City,Premier League,W 2-0,N,12,FW,78,1.87,25
Cody Gakpo,12-02-2025,Away,Liverpool,Everton,Premier League,D 2-2,Y,68,FW,78,1.87,25
Cody Gakpo,06-02-2025,Home,Liverpool,Tottenham,EFL Cup,W 4-0,Y,81,"MF,FW",78,1.87,25
Cody Gakpo,01-02-2025,Away,Liverpool,Bournemouth,Premier League,W 2-0,Y,69,FW,78,1.87,25
Cody Gakpo,29-01-2025,Away,Liverpool,PSV Eindhoven,Champions League,L 2-3,Y,51,FW,78,1.87,25
Cody Gakpo,25-01-2025,Home,Liverpool,Ipswich Town,Premier League,W 4-1,Y,67,FW,78,1.87,25
Cody Gakpo,18-01-2025,Away,Liverpool,Brentford,Premier League,W 2-0,Y,86,FW,78,1.87,25
Cody Gakpo,14-01-2025,Away,Liverpool,Nott'ham Forest,Premier League,D 1-1,Y,90,FW,78,1.87,25
Cody Gakpo,08-01-2025,Away,Liverpool,Tottenham,EFL Cup,L 0-1,Y,59,"MF,FW",78,1.87,25
Cody Gakpo,05-01-2025,Home,Liverpool,Manchester Utd,Premier League,D 2-2,Y,85,FW,78,1.87,25
Cody Gakpo,29-12-2024,Away,Liverpool,West Ham,Premier League,W 5-0,Y,57,FW,78,1.87,25
Cody Gakpo,26-12-2024,Home,Liverpool,Leicester City,Premier League,W 3-1,Y,90,FW,78,1.87,25
Cody Gakpo,22-12-2024,Away,Liverpool,Tottenham,Premier League,W 6-3,Y,67,FW,78,1.87,25
Cody Gakpo,18-12-2024,Away,Liverpool,Southampton,EFL Cup,W 2-1,Y,62,"MF,FW",78,1.87,25
Cody Gakpo,14-12-2024,Home,Liverpool,Fulham,Premier League,D 2-2,Y,69,FW,78,1.87,25
Cody Gakpo,10-12-2024,Away,Liverpool,Girona,Champions League,W 1-0,N,20,FW,78,1.87,25
Cody Gakpo,04-12-2024,Away,Liverpool,Newcastle Utd,Premier League,D 3-3,Y,66,FW,78,1.87,25
Cody Gakpo,01-12-2024,Home,Liverpool,Manchester City,Premier League,W 2-0,Y,72,FW,78,1.87,25
Cody Gakpo,27-11-2024,Home,Liverpool,Real Madrid,Champions League,W 2-0,N,23,FW,78,1.87,25
Cody Gakpo,24-11-2024,Away,Liverpool,Southampton,Premier League,W 3-2,Y,61,FW,78,1.87,25
Cody Gakpo,09-11-2024,Home,Liverpool,Aston Villa,Premier League,W 2-0,N,26,FW,78,1.87,25
Cody Gakpo,05-11-2024,Home,Liverpool,Leverkusen,Champions League,W 4-0,Y,80,FW,78,1.87,25
Cody Gakpo,02-11-2024,Home,Liverpool,Brighton,Premier League,W 2-1,Y,90,FW,78,1.87,25
Cody Gakpo,30-10-2024,Away,Liverpool,Brighton,EFL Cup,W 3-2,Y,70,"MF,FW",78,1.87,25
Cody Gakpo,27-10-2024,Away,Liverpool,Arsenal,Premier League,D 2-2,N,28,FW,78,1.87,25
Cody Gakpo,23-10-2024,Away,Liverpool,RB Leipzig,Champions League,W 1-0,Y,90,FW,78,1.87,25
Cody Gakpo,20-10-2024,Home,Liverpool,Chelsea,Premier League,W 2-1,Y,65,FW,78,1.87,25
Cody Gakpo,05-10-2024,Away,Liverpool,Crystal Palace,Premier League,W 1-0,Y,90,FW,78,1.87,25
Cody Gakpo,02-10-2024,Home,Liverpool,Bologna,Champions League,W 2-0,N,19,FW,78,1.87,25
Cody Gakpo,28-09-2024,Away,Liverpool,Wolves,Premier League,W 2-1,N,18,FW,78,1.87,25
Cody Gakpo,25-09-2024,Home,Liverpool,West Ham,EFL Cup,W 5-1,Y,90,"MF,FW",78,1.87,25
Cody Gakpo,21-09-2024,Home,Liverpool,Bournemouth,Premier League,W 3-0,N,19,FW,78,1.87,25
Cody Gakpo,17-09-2024,Away,Liverpool,Milan,Champions League,W 3-1,Y,67,FW,78,1.87,25
Cody Gakpo,14-09-2024,Home,Liverpool,Nott'ham Forest,Premier League,L 0-1,N,31,FW,78,1.87,25
Cody Gakpo,01-09-2024,Away,Liverpool,Manchester Utd,Premier League,W 3-0,N,25,FW,78,1.87,25
Cody Gakpo,25-08-2024,Home,Liverpool,Brentford,Premier League,W 2-0,N,19,FW,78,1.87,25
Cody Gakpo,17-08-2024,Away,Liverpool,Ipswich Town,Premier League,W 2-0,N,12,FW,78,1.87,25
Cody Gakpo,19-05-2024,Home,Liverpool,Wolves,Premier League,W 2-0,Y,80,"FW,MF",78,1.87,24
Cody Gakpo,13-05-2024,Away,Liverpool,Aston Villa,Premier League,D 3-3,Y,74,"FW,MF",78,1.87,24
Cody Gakpo,05-05-2024,Home,Liverpool,Tottenham,Premier League,W 4-2,Y,90,"FW,MF",78,1.87,24
Cody Gakpo,27-04-2024,Away,Liverpool,West Ham,Premier League,D 2-2,Y,90,"FW,MF",78,1.87,24
Cody Gakpo,21-04-2024,Away,Liverpool,Fulham,Premier League,W 3-1,Y,85,"FW,MF",78,1.87,24
Cody Gakpo,18-04-2024,Away,Liverpool,Atalanta,Europa League,W 1-0,Y,90,FW,78,1.87,24
Cody Gakpo,14-04-2024,Home,Liverpool,Crystal Palace,Premier League,L 0-1,N,25,"FW,MF",78,1.87,24
Cody Gakpo,11-04-2024,Home,Liverpool,Atalanta,Europa League,L 0-3,Y,90,FW,78,1.87,24
Cody Gakpo,07-04-2024,Away,Liverpool,Manchester Utd,Premier League,D 2-2,N,22,"FW,MF",78,1.87,24
Cody Gakpo,04-04-2024,Home,Liverpool,Sheffield Utd,Premier League,W 3-1,N,18,"FW,MF",78,1.87,24
Cody Gakpo,31-03-2024,Home,Liverpool,Brighton,Premier League,W 2-1,N,2,"FW,MF",78,1.87,24
Cody Gakpo,17-03-2024,Away,Liverpool,Manchester Utd,FA Cup,L 3-4 (aet),N,44,FW,78,1.87,24
Cody Gakpo,14-03-2024,Home,Liverpool,Sparta Prague,Europa League,W 6-1,Y,90,FW,78,1.87,24
Cody Gakpo,10-03-2024,Home,Liverpool,Manchester City,Premier League,D 1-1,N,15,"FW,MF",78,1.87,24
Cody Gakpo,07-03-2024,Away,Liverpool,Sparta Prague,Europa League,W 5-1,Y,90,FW,78,1.87,24
Cody Gakpo,02-03-2024,Away,Liverpool,Nott'ham Forest,Premier League,W 1-0,Y,83,"FW,MF",78,1.87,24
Cody Gakpo,28-02-2024,Home,Liverpool,Southampton,FA Cup,W 3-0,Y,89,FW,78,1.87,24
Cody Gakpo,25-02-2024,Away,Liverpool,Chelsea,EFL Cup,W 1-0 (aet),Y,86,FW,78,1.87,24
Cody Gakpo,21-02-2024,Home,Liverpool,Luton Town,Premier League,W 4-1,Y,90,"FW,MF",78,1.87,24
Cody Gakpo,17-02-2024,Away,Liverpool,Brentford,Premier League,W 4-1,N,45,"FW,MF",78,1.87,24
Cody Gakpo,10-02-2024,Home,Liverpool,Burnley,Premier League,W 3-1,N,9,"FW,MF",78,1.87,24
Cody Gakpo,04-02-2024,Away,Liverpool,Arsenal,Premier League,L 1-3,Y,57,"FW,MF",78,1.87,24
Cody Gakpo,31-01-2024,Home,Liverpool,Chelsea,Premier League,W 4-1,N,23,"FW,MF",78,1.87,24
Cody Gakpo,28-01-2024,Home,Liverpool,Norwich City,FA Cup,W 5-2,Y,90,FW,78,1.87,24
Cody Gakpo,24-01-2024,Away,Liverpool,Fulham,EFL Cup,D 1-1,Y,82,FW,78,1.87,24
Cody Gakpo,21-01-2024,Away,Liverpool,Bournemouth,Premier League,W 4-0,N,27,"FW,MF",78,1.87,24
Cody Gakpo,10-01-2024,Home,Liverpool,Fulham,EFL Cup,W 2-1,N,35,FW,78,1.87,24
Cody Gakpo,07-01-2024,Away,Liverpool,Arsenal,FA Cup,W 2-0,Y,58,FW,78,1.87,24
Cody Gakpo,01-01-2024,Home,Liverpool,Newcastle Utd,Premier League,W 4-2,N,27,"FW,MF",78,1.87,24
Cody Gakpo,26-12-2023,Away,Liverpool,Burnley,Premier League,W 2-0,Y,66,"FW,MF",78,1.87,24
Cody Gakpo,23-12-2023,Home,Liverpool,Arsenal,Premier League,D 1-1,Y,67,"FW,MF",78,1.87,24
Cody Gakpo,20-12-2023,Home,Liverpool,West Ham,EFL Cup,W 5-1,Y,77,FW,78,1.87,24
Cody Gakpo,17-12-2023,Home,Liverpool,Manchester Utd,Premier League,D 0-0,N,30,"FW,MF",78,1.87,24
Cody Gakpo,14-12-2023,Away,Liverpool,Union SG,Europa League,L 1-2,Y,90,FW,78,1.87,24
Cody Gakpo,09-12-2023,Away,Liverpool,Crystal Palace,Premier League,W 2-1,N,34,"FW,MF",78,1.87,24
Cody Gakpo,06-12-2023,Away,Liverpool,Sheffield Utd,Premier League,W 2-0,Y,85,"FW,MF",78,1.87,24
Cody Gakpo,03-12-2023,Home,Liverpool,Fulham,Premier League,W 4-3,N,27,"FW,MF",78,1.87,24
Cody Gakpo,30-11-2023,Home,Liverpool,LASK,Europa League,W 4-0,Y,90,FW,78,1.87,24
Cody Gakpo,25-11-2023,Away,Liverpool,Manchester City,Premier League,D 1-1,N,18,"FW,MF",78,1.87,24
Cody Gakpo,12-11-2023,Home,Liverpool,Brentford,Premier League,W 3-0,Y,82,"FW,MF",78,1.87,24
Cody Gakpo,09-11-2023,Away,Liverpool,Toulouse,Europa League,L 2-3,Y,72,FW,78,1.87,24
Cody Gakpo,05-11-2023,Away,Liverpool,Luton Town,Premier League,D 1-1,N,25,"FW,MF",78,1.87,24
Cody Gakpo,01-11-2023,Away,Liverpool,Bournemouth,EFL Cup,W 2-1,Y,80,FW,78,1.87,24
Cody Gakpo,29-10-2023,Home,Liverpool,Nott'ham Forest,Premier League,W 3-0,N,33,"FW,MF",78,1.87,24
Cody Gakpo,26-10-2023,Home,Liverpool,Toulouse,Europa League,W 5-1,N,25,FW,78,1.87,24
Cody Gakpo,30-09-2023,Away,Liverpool,Tottenham,Premier League,L 1-2,Y,45,"FW,MF",78,1.87,24
Cody Gakpo,27-09-2023,Home,Liverpool,Leicester City,EFL Cup,W 3-1,Y,90,FW,78,1.87,24
Cody Gakpo,24-09-2023,Home,Liverpool,West Ham,Premier League,W 3-1,N,10,"FW,MF",78,1.87,24
Cody Gakpo,16-09-2023,Away,Liverpool,Wolves,Premier League,W 3-1,Y,55,"FW,MF",78,1.87,24
Cody Gakpo,03-09-2023,Home,Liverpool,Aston Villa,Premier League,W 3-0,N,26,"FW,MF",78,1.87,24
Cody Gakpo,27-08-2023,Away,Liverpool,Newcastle Utd,Premier League,W 2-1,Y,57,"FW,MF",78,1.87,24
Cody Gakpo,19-08-2023,Home,Liverpool,Bournemouth,Premier League,W 3-1,Y,62,"FW,MF",78,1.87,24
Cody Gakpo,13-08-2023,Away,Liverpool,Chelsea,Premier League,D 1-1,Y,65,"FW,MF",78,1.87,24
Cody Gakpo,28-05-2023,Away,Liverpool,Southampton,Premier League,D 4-4,N,34,"FW,MF",78,1.87,23
Cody Gakpo,20-05-2023,Home,Liverpool,Aston Villa,Premier League,D 1-1,Y,90,"FW,MF",78,1.87,23
Cody Gakpo,15-05-2023,Away,Liverpool,Leicester City,Premier League,W 3-0,Y,90,"FW,MF",78,1.87,23
Cody Gakpo,06-05-2023,Home,Liverpool,Brentford,Premier League,W 1-0,Y,90,"FW,MF",78,1.87,23
Cody Gakpo,03-05-2023,Home,Liverpool,Fulham,Premier League,W 1-0,N,25,"FW,MF",78,1.87,23
Cody Gakpo,30-04-2023,Home,Liverpool,Tottenham,Premier League,W 4-3,Y,72,"FW,MF",78,1.87,23
Cody Gakpo,26-04-2023,Away,Liverpool,West Ham,Premier League,W 2-1,Y,77,"FW,MF",78,1.87,23
Cody Gakpo,22-04-2023,Home,Liverpool,Nott'ham Forest,Premier League,W 3-2,Y,59,"FW,MF",78,1.87,23
Cody Gakpo,17-04-2023,Away,Liverpool,Leeds United,Premier League,W 6-1,Y,80,"FW,MF",78,1.87,23
Cody Gakpo,09-04-2023,Home,Liverpool,Arsenal,Premier League,D 2-2,Y,90,"FW,MF",78,1.87,23
Cody Gakpo,04-04-2023,Away,Liverpool,Chelsea,Premier League,D 0-0,N,12,"FW,MF",78,1.87,23
Cody Gakpo,01-04-2023,Away,Liverpool,Manchester City,Premier League,L 1-4,Y,81,"FW,MF",78,1.87,23
Cody Gakpo,15-03-2023,Away,Liverpool,Real Madrid,Champions League,L 0-1,Y,89,"FW,MF",78,1.87,23
Cody Gakpo,11-03-2023,Away,Liverpool,Bournemouth,Premier League,L 0-1,Y,90,"FW,MF",78,1.87,23
Cody Gakpo,05-03-2023,Home,Liverpool,Manchester Utd,Premier League,W 7-0,Y,78,"FW,MF",78,1.87,23
Cody Gakpo,01-03-2023,Home,Liverpool,Wolves,Premier League,W 2-0,N,15,"FW,MF",78,1.87,23
Cody Gakpo,25-02-2023,Away,Liverpool,Crystal Palace,Premier League,D 0-0,Y,83,"FW,MF",78,1.87,23
Cody Gakpo,21-02-2023,Home,Liverpool,Real Madrid,Champions League,L 2-5,Y,63,"FW,MF",78,1.87,23
Cody Gakpo,18-02-2023,Away,Liverpool,Newcastle Utd,Premier League,W 2-0,Y,58,"FW,MF",78,1.87,23
Cody Gakpo,13-02-2023,Home,Liverpool,Everton,Premier League,W 2-0,Y,79,"FW,MF",78,1.87,23
Cody Gakpo,04-02-2023,Away,Liverpool,Wolves,Premier League,L 0-3,Y,84,"FW,MF",78,1.87,23
Cody Gakpo,29-01-2023,Away,Liverpool,Brighton,FA Cup,L 1-2,Y,90,FW,78,1.87,23
Cody Gakpo,21-01-2023,Home,Liverpool,Chelsea,Premier League,D 0-0,Y,81,"FW,MF",78,1.87,23
Cody Gakpo,17-01-2023,Away,Liverpool,Wolves,FA Cup,W 1-0,Y,65,FW,78,1.87,23
Cody Gakpo,14-01-2023,Away,Liverpool,Brighton,Premier League,L 0-3,Y,90,"FW,MF",78,1.87,23
Cody Gakpo,07-01-2023,Home,Liverpool,Wolves,FA Cup,D 2-2,Y,83,FW,78,1.87,23
Conor Bradley,25-05-2025,Home,Liverpool,Crystal Palace,Premier League,D 1-1,Y,45,DF,68,1.81,21
Conor Bradley,19-05-2025,Away,Liverpool,Brighton,Premier League,L 2-3,Y,76,DF,68,1.81,21
Conor Bradley,11-05-2025,Home,Liverpool,Arsenal,Premier League,D 2-2,Y,66,DF,68,1.81,21
Conor Bradley,04-05-2025,Away,Liverpool,Chelsea,Premier League,L 1-3,N,34,DF,68,1.81,21
Conor Bradley,20-04-2025,Away,Liverpool,Leicester City,Premier League,W 1-0,Y,70,DF,68,1.81,21
Conor Bradley,13-04-2025,Home,Liverpool,West Ham,Premier League,W 2-1,Y,67,DF,68,1.81,21
Conor Bradley,06-04-2025,Away,Liverpool,Fulham,Premier League,L 2-3,N,24,DF,68,1.81,21
Conor Bradley,19-02-2025,Away,Liverpool,Aston Villa,Premier League,D 2-2,N,23,DF,68,1.81,21
Conor Bradley,16-02-2025,Home,Liverpool,Wolves,Premier League,W 2-1,N,27,DF,68,1.81,21
Conor Bradley,12-02-2025,Away,Liverpool,Everton,Premier League,D 2-2,Y,60,DF,68,1.81,21
Conor Bradley,06-02-2025,Home,Liverpool,Tottenham,EFL Cup,W 4-0,Y,90,DF,68,1.81,21
Conor Bradley,01-02-2025,Away,Liverpool,Bournemouth,Premier League,W 2-0,N,21,DF,68,1.81,21
Conor Bradley,29-01-2025,Away,Liverpool,PSV Eindhoven,Champions League,L 2-3,Y,90,DF,68,1.81,21
Conor Bradley,21-01-2025,Home,Liverpool,Lille,Champions League,W 2-1,Y,85,DF,68,1.81,21
Conor Bradley,11-01-2025,Home,Liverpool,Acc'ton Stanley,FA Cup,W 4-0,N,31,"DF,MF",68,1.81,21
Conor Bradley,08-01-2025,Away,Liverpool,Tottenham,EFL Cup,L 0-1,Y,59,DF,68,1.81,21
Conor Bradley,05-01-2025,Home,Liverpool,Manchester Utd,Premier League,D 2-2,N,5,DF,68,1.81,21
Conor Bradley,27-11-2024,Home,Liverpool,Real Madrid,Champions League,W 2-0,Y,86,DF,68,1.81,21
Conor Bradley,24-11-2024,Away,Liverpool,Southampton,Premier League,W 3-2,Y,90,DF,68,1.81,21
Conor Bradley,09-11-2024,Home,Liverpool,Aston Villa,Premier League,W 2-0,N,66,DF,68,1.81,21
Conor Bradley,05-11-2024,Home,Liverpool,Leverkusen,Champions League,W 4-0,N,10,DF,68,1.81,21
Conor Bradley,02-11-2024,Home,Liverpool,Brighton,Premier League,W 2-1,N,1,DF,68,1.81,21
Conor Bradley,30-10-2024,Away,Liverpool,Brighton,EFL Cup,W 3-2,Y,90,DF,68,1.81,21
Conor Bradley,02-10-2024,Home,Liverpool,Bologna,Champions League,W 2-0,N,6,DF,68,1.81,21
Conor Bradley,25-09-2024,Home,Liverpool,West Ham,EFL Cup,W 5-1,Y,90,DF,68,1.81,21
Conor Bradley,14-09-2024,Home,Liverpool,Nott'ham Forest,Premier League,L 0-1,N,31,DF,68,1.81,21
Conor Bradley,01-09-2024,Away,Liverpool,Manchester Utd,Premier League,W 3-0,N,15,DF,68,1.81,21
Conor Bradley,25-08-2024,Home,Liverpool,Brentford,Premier League,W 2-0,N,19,DF,68,1.81,21
Conor Bradley,17-08-2024,Away,Liverpool,Ipswich Town,Premier League,W 2-0,N,14,DF,68,1.81,21
Conor Bradley,19-05-2024,Home,Liverpool,Wolves,Premier League,W 2-0,N,20,DF,68,1.81,20
Conor Bradley,14-04-2024,Home,Liverpool,Crystal Palace,Premier League,L 0-1,Y,47,DF,68,1.81,20
Conor Bradley,07-04-2024,Away,Liverpool,Manchester Utd,Premier League,D 2-2,Y,65,DF,68,1.81,20
Conor Bradley,04-04-2024,Home,Liverpool,Sheffield Utd,Premier League,W 3-1,Y,90,DF,68,1.81,20
Conor Bradley,31-03-2024,Home,Liverpool,Brighton,Premier League,W 2-1,Y,90,DF,68,1.81,20
Conor Bradley,17-03-2024,Away,Liverpool,Manchester Utd,FA Cup,L 3-4 (aet),N,45,DF,68,1.81,20
Conor Bradley,14-03-2024,Home,Liverpool,Sparta Prague,Europa League,W 6-1,Y,90,DF,68,1.81,20
Conor Bradley,10-03-2024,Home,Liverpool,Manchester City,Premier League,D 1-1,Y,60,DF,68,1.81,20
Conor Bradley,07-03-2024,Away,Liverpool,Sparta Prague,Europa League,W 5-1,N,45,DF,68,1.81,20
Conor Bradley,02-03-2024,Away,Liverpool,Nott'ham Forest,Premier League,W 1-0,Y,83,DF,68,1.81,20
Conor Bradley,28-02-2024,Home,Liverpool,Southampton,FA Cup,W 3-0,Y,90,DF,68,1.81,20
Conor Bradley,25-02-2024,Away,Liverpool,Chelsea,EFL Cup,W 1-0 (aet),Y,71,DF,68,1.81,20
Conor Bradley,21-02-2024,Home,Liverpool,Luton Town,Premier League,W 4-1,Y,67,DF,68,1.81,20
Conor Bradley,17-02-2024,Away,Liverpool,Brentford,Premier League,W 4-1,Y,82,DF,68,1.81,20
Conor Bradley,31-01-2024,Home,Liverpool,Chelsea,Premier League,W 4-1,Y,67,DF,68,1.81,20
Conor Bradley,28-01-2024,Home,Liverpool,Norwich City,FA Cup,W 5-2,Y,90,DF,68,1.81,20
Conor Bradley,24-01-2024,Away,Liverpool,Fulham,EFL Cup,D 1-1,Y,90,DF,68,1.81,20
Conor Bradley,21-01-2024,Away,Liverpool,Bournemouth,Premier League,W 4-0,Y,82,DF,68,1.81,20
Conor Bradley,10-01-2024,Home,Liverpool,Fulham,EFL Cup,W 2-1,Y,90,DF,68,1.81,20
Conor Bradley,07-01-2024,Away,Liverpool,Arsenal,FA Cup,W 2-0,N,16,DF,68,1.81,20
Conor Bradley,20-12-2023,Home,Liverpool,West Ham,EFL Cup,W 5-1,N,22,DF,68,1.81,20
Conor Bradley,14-12-2023,Away,Liverpool,Union SG,Europa League,L 1-2,Y,90,DF,68,1.81,20
Conor Bradley,30-11-2023,Home,Liverpool,LASK,Europa League,W 4-0,N,9,DF,68,1.81,20
Curtis Jones,25-05-2025,Home,Liverpool,Crystal Palace,Premier League,D 1-1,Y,90,"MF,DF",72,1.85,23
Curtis Jones,19-05-2025,Away,Liverpool,Brighton,Premier League,L 2-3,N,28,"MF,DF",72,1.85,23
Curtis Jones,11-05-2025,Home,Liverpool,Arsenal,Premier League,D 2-2,Y,66,"MF,DF",72,1.85,23
Curtis Jones,04-05-2025,Away,Liverpool,Chelsea,Premier League,L 1-3,Y,90,"MF,DF",72,1.85,23
Curtis Jones,27-04-2025,Home,Liverpool,Tottenham,Premier League,W 5-1,N,23,"MF,DF",72,1.85,23
Curtis Jones,20-04-2025,Away,Liverpool,Leicester City,Premier League,W 1-0,N,1,"MF,DF",72,1.85,23
Curtis Jones,13-04-2025,Home,Liverpool,West Ham,Premier League,W 2-1,Y,67,"MF,DF",72,1.85,23
Curtis Jones,06-04-2025,Away,Liverpool,Fulham,Premier League,L 2-3,Y,90,"MF,DF",72,1.85,23
Curtis Jones,02-04-2025,Home,Liverpool,Everton,Premier League,W 1-0,Y,90,"MF,DF",72,1.85,23
Curtis Jones,16-03-2025,Neutral,Liverpool,Newcastle Utd,EFL Cup,L 1-2,N,34,"MF,FW",72,1.85,23
Curtis Jones,11-03-2025,Home,Liverpool,Paris S-G,Champions League,L 0-1 (pk),N,30,MF,72,1.85,23
Curtis Jones,08-03-2025,Home,Liverpool,Southampton,Premier League,W 3-1,Y,45,"MF,DF",72,1.85,23
Curtis Jones,05-03-2025,Away,Liverpool,Paris S-G,Champions League,W 1-0 (pk),N,24,MF,72,1.85,23
Curtis Jones,26-02-2025,Home,Liverpool,Newcastle Utd,Premier League,W 2-0,N,4,"MF,DF",72,1.85,23
Curtis Jones,23-02-2025,Away,Liverpool,Manchester City,Premier League,W 2-0,Y,73,"MF,DF",72,1.85,23
Curtis Jones,19-02-2025,Away,Liverpool,Aston Villa,Premier League,D 2-2,Y,90,"MF,DF",72,1.85,23
Curtis Jones,12-02-2025,Away,Liverpool,Everton,Premier League,D 2-2,N,29,"MF,DF",72,1.85,23
Curtis Jones,06-02-2025,Home,Liverpool,Tottenham,EFL Cup,W 4-0,Y,71,"MF,FW",72,1.85,23
Curtis Jones,01-02-2025,Away,Liverpool,Bournemouth,Premier League,W 2-0,N,30,"MF,DF",72,1.85,23
Curtis Jones,21-01-2025,Home,Liverpool,Lille,Champions League,W 2-1,Y,45,MF,72,1.85,23
Curtis Jones,18-01-2025,Away,Liverpool,Brentford,Premier League,W 2-0,N,11,"MF,DF",72,1.85,23
Curtis Jones,14-01-2025,Away,Liverpool,Nott'ham Forest,Premier League,D 1-1,N,16,"MF,DF",72,1.85,23
Curtis Jones,08-01-2025,Away,Liverpool,Tottenham,EFL Cup,L 0-1,Y,90,"MF,FW",72,1.85,23
Curtis Jones,05-01-2025,Home,Liverpool,Manchester Utd,Premier League,D 2-2,Y,60,"MF,DF",72,1.85,23
Curtis Jones,29-12-2024,Away,Liverpool,West Ham,Premier League,W 5-0,Y,73,"MF,DF",72,1.85,23
Curtis Jones,26-12-2024,Home,Liverpool,Leicester City,Premier League,W 3-1,Y,76,"MF,DF",72,1.85,23
Curtis Jones,22-12-2024,Away,Liverpool,Tottenham,Premier League,W 6-3,N,23,"MF,DF",72,1.85,23
Curtis Jones,14-12-2024,Home,Liverpool,Fulham,Premier League,D 2-2,Y,69,"MF,DF",72,1.85,23
Curtis Jones,10-12-2024,Away,Liverpool,Girona,Champions League,W 1-0,Y,75,MF,72,1.85,23
Curtis Jones,04-12-2024,Away,Liverpool,Newcastle Utd,Premier League,D 3-3,Y,90,"MF,DF",72,1.85,23
Curtis Jones,01-12-2024,Home,Liverpool,Manchester City,Premier League,W 2-0,N,7,"MF,DF",72,1.85,23
Curtis Jones,27-11-2024,Home,Liverpool,Real Madrid,Champions League,W 2-0,Y,82,MF,72,1.85,23
Curtis Jones,24-11-2024,Away,Liverpool,Southampton,Premier League,W 3-2,Y,61,"MF,DF",72,1.85,23
Curtis Jones,09-11-2024,Home,Liverpool,Aston Villa,Premier League,W 2-0,Y,64,"MF,DF",72,1.85,23
Curtis Jones,05-11-2024,Home,Liverpool,Leverkusen,Champions League,W 4-0,Y,73,MF,72,1.85,23
Curtis Jones,02-11-2024,Home,Liverpool,Brighton,Premier League,W 2-1,N,25,"MF,DF",72,1.85,23
Curtis Jones,30-10-2024,Away,Liverpool,Brighton,EFL Cup,W 3-2,Y,90,"MF,FW",72,1.85,23
Curtis Jones,27-10-2024,Away,Liverpool,Arsenal,Premier League,D 2-2,Y,89,"MF,DF",72,1.85,23
Curtis Jones,23-10-2024,Away,Liverpool,RB Leipzig,Champions League,W 1-0,N,16,MF,72,1.85,23
Curtis Jones,20-10-2024,Home,Liverpool,Chelsea,Premier League,W 2-1,Y,80,"MF,DF",72,1.85,23
Curtis Jones,05-10-2024,Away,Liverpool,Crystal Palace,Premier League,W 1-0,Y,88,"MF,DF",72,1.85,23
Curtis Jones,02-10-2024,Home,Liverpool,Bologna,Champions League,W 2-0,N,6,MF,72,1.85,23
Curtis Jones,28-09-2024,Away,Liverpool,Wolves,Premier League,W 2-1,N,18,"MF,DF",72,1.85,23
Curtis Jones,25-09-2024,Home,Liverpool,West Ham,EFL Cup,W 5-1,Y,90,"MF,FW",72,1.85,23
Curtis Jones,21-09-2024,Home,Liverpool,Bournemouth,Premier League,W 3-0,N,30,"MF,DF",72,1.85,23
Curtis Jones,14-09-2024,Home,Liverpool,Nott'ham Forest,Premier League,L 0-1,N,16,"MF,DF",72,1.85,23
Curtis Jones,19-05-2024,Home,Liverpool,Wolves,Premier League,W 2-0,N,10,MF,72,1.85,22
Curtis Jones,13-05-2024,Away,Liverpool,Aston Villa,Premier League,D 3-3,N,15,MF,72,1.85,22
Curtis Jones,24-04-2024,Away,Liverpool,Everton,Premier League,L 0-2,Y,62,MF,72,1.85,22
Curtis Jones,18-04-2024,Away,Liverpool,Atalanta,Europa League,W 1-0,Y,90,MF,72,1.85,22
Curtis Jones,14-04-2024,Home,Liverpool,Crystal Palace,Premier League,L 0-1,Y,81,MF,72,1.85,22
Curtis Jones,11-04-2024,Home,Liverpool,Atalanta,Europa League,L 0-3,Y,45,MF,72,1.85,22
Curtis Jones,07-04-2024,Away,Liverpool,Manchester Utd,Premier League,D 2-2,N,25,MF,72,1.85,22
Curtis Jones,04-04-2024,Home,Liverpool,Sheffield Utd,Premier League,W 3-1,N,18,MF,72,1.85,22
Curtis Jones,17-02-2024,Away,Liverpool,Brentford,Premier League,W 4-1,Y,33,MF,72,1.85,22
Curtis Jones,10-02-2024,Home,Liverpool,Burnley,Premier League,W 3-1,Y,90,MF,72,1.85,22
Curtis Jones,04-02-2024,Away,Liverpool,Arsenal,Premier League,L 1-3,Y,90,MF,72,1.85,22
Curtis Jones,31-01-2024,Home,Liverpool,Chelsea,Premier League,W 4-1,Y,82,MF,72,1.85,22
Curtis Jones,28-01-2024,Home,Liverpool,Norwich City,FA Cup,W 5-2,Y,54,MF,72,1.85,22
Curtis Jones,24-01-2024,Away,Liverpool,Fulham,EFL Cup,D 1-1,N,24,"MF,DF",72,1.85,22
Curtis Jones,21-01-2024,Away,Liverpool,Bournemouth,Premier League,W 4-0,Y,82,MF,72,1.85,22
Curtis Jones,10-01-2024,Home,Liverpool,Fulham,EFL Cup,W 2-1,Y,90,"MF,DF",72,1.85,22
Curtis Jones,07-01-2024,Away,Liverpool,Arsenal,FA Cup,W 2-0,Y,74,MF,72,1.85,22
Curtis Jones,01-01-2024,Home,Liverpool,Newcastle Utd,Premier League,W 4-2,Y,90,MF,72,1.85,22
Curtis Jones,26-12-2023,Away,Liverpool,Burnley,Premier League,W 2-0,N,25,MF,72,1.85,22
Curtis Jones,23-12-2023,Home,Liverpool,Arsenal,Premier League,D 1-1,Y,67,MF,72,1.85,22
Curtis Jones,20-12-2023,Home,Liverpool,West Ham,EFL Cup,W 5-1,Y,90,"MF,DF",72,1.85,22
Curtis Jones,17-12-2023,Home,Liverpool,Manchester Utd,Premier League,D 0-0,N,13,MF,72,1.85,22
Curtis Jones,14-12-2023,Away,Liverpool,Union SG,Europa League,L 1-2,Y,90,MF,72,1.85,22
Curtis Jones,09-12-2023,Away,Liverpool,Crystal Palace,Premier League,W 2-1,N,17,MF,72,1.85,22
Curtis Jones,06-12-2023,Away,Liverpool,Sheffield Utd,Premier League,W 2-0,N,34,MF,72,1.85,22
Curtis Jones,30-11-2023,Home,Liverpool,LASK,Europa League,W 4-0,N,35,MF,72,1.85,22
Curtis Jones,25-11-2023,Away,Liverpool,Manchester City,Premier League,D 1-1,Y,53,MF,72,1.85,22
Curtis Jones,01-11-2023,Away,Liverpool,Bournemouth,EFL Cup,W 2-1,Y,60,"MF,DF",72,1.85,22
Curtis Jones,26-10-2023,Home,Liverpool,Toulouse,Europa League,W 5-1,Y,88,MF,72,1.85,22
Curtis Jones,05-10-2023,Home,Liverpool,Union SG,Europa League,W 2-0,N,45,MF,72,1.85,22
Curtis Jones,30-09-2023,Away,Liverpool,Tottenham,Premier League,L 1-2,Y,25,MF,72,1.85,22
Curtis Jones,27-09-2023,Home,Liverpool,Leicester City,EFL Cup,W 3-1,Y,78,"MF,DF",72,1.85,22
Curtis Jones,24-09-2023,Home,Liverpool,West Ham,Premier League,W 3-1,Y,76,MF,72,1.85,22
Curtis Jones,16-09-2023,Away,Liverpool,Wolves,Premier League,W 3-1,Y,90,MF,72,1.85,22
Curtis Jones,03-09-2023,Home,Liverpool,Aston Villa,Premier League,W 3-0,Y,64,MF,72,1.85,22
Curtis Jones,13-08-2023,Away,Liverpool,Chelsea,Premier League,D 1-1,N,25,MF,72,1.85,22
Curtis Jones,28-05-2023,Away,Liverpool,Southampton,Premier League,D 4-4,Y,56,MF,72,1.85,21
Curtis Jones,20-05-2023,Home,Liverpool,Aston Villa,Premier League,D 1-1,Y,62,MF,72,1.85,21
Curtis Jones,15-05-2023,Away,Liverpool,Leicester City,Premier League,W 3-0,Y,83,MF,72,1.85,21
Curtis Jones,06-05-2023,Home,Liverpool,Brentford,Premier League,W 1-0,Y,81,MF,72,1.85,21
Curtis Jones,03-05-2023,Home,Liverpool,Fulham,Premier League,W 1-0,Y,83,MF,72,1.85,21
Curtis Jones,30-04-2023,Home,Liverpool,Tottenham,Premier League,W 4-3,Y,85,MF,72,1.85,21
Curtis Jones,26-04-2023,Away,Liverpool,West Ham,Premier League,W 2-1,Y,83,MF,72,1.85,21
Curtis Jones,22-04-2023,Home,Liverpool,Nott'ham Forest,Premier League,W 3-2,Y,80,MF,72,1.85,21
Curtis Jones,17-04-2023,Away,Liverpool,Leeds United,Premier League,W 6-1,Y,90,MF,72,1.85,21
Curtis Jones,09-04-2023,Home,Liverpool,Arsenal,Premier League,D 2-2,Y,59,MF,72,1.85,21
Curtis Jones,04-04-2023,Away,Liverpool,Chelsea,Premier League,D 0-0,Y,78,MF,72,1.85,21
Curtis Jones,05-03-2023,Home,Liverpool,Manchester Utd,Premier League,W 7-0,N,6,MF,72,1.85,21
Curtis Jones,29-01-2023,Away,Liverpool,Brighton,FA Cup,L 1-2,N,12,"FW,MF",72,1.85,21
Curtis Jones,21-01-2023,Home,Liverpool,Chelsea,Premier League,D 0-0,N,9,MF,72,1.85,21
Curtis Jones,17-01-2023,Away,Liverpool,Wolves,FA Cup,W 1-0,N,25,"FW,MF",72,1.85,21
Curtis Jones,02-01-2023,Away,Liverpool,Brentford,Premier League,L 1-3,N,8,MF,72,1.85,21
Curtis Jones,06-11-2022,Away,Liverpool,Tottenham,Premier League,W 2-1,N,17,MF,72,1.85,21
Curtis Jones,01-11-2022,Home,Liverpool,Napoli,Champions League,W 2-0,Y,72,"FW,MF",72,1.85,21
Curtis Jones,29-10-2022,Home,Liverpool,Leeds United,Premier League,L 1-2,N,31,MF,72,1.85,21
Curtis Jones,26-10-2022,Away,Liverpool,Ajax,Champions League,W 3-0,N,28,"FW,MF",72,1.85,21
Curtis Jones,22-10-2022,Away,Liverpool,Nott'ham Forest,Premier League,L 0-1,Y,90,MF,72,1.85,21
Curtis Jones,19-10-2022,Home,Liverpool,West Ham,Premier League,W 1-0,N,34,MF,72,1.85,21
Curtis Jones,30-07-2022,Neutral,Liverpool,Manchester City,FA Community Shield,W 3-1,N,1,"FW,MF",72,1.85,20
Darwin Nunez,25-05-2025,Home,Liverpool,Crystal Palace,Premier League,D 1-1,N,30,FW,80,1.87,25
Darwin Nunez,19-05-2025,Away,Liverpool,Brighton,Premier League,L 2-3,N,28,FW,80,1.87,25
Darwin Nunez,11-05-2025,Home,Liverpool,Arsenal,Premier League,D 2-2,N,24,FW,80,1.87,25
Darwin Nunez,04-05-2025,Away,Liverpool,Chelsea,Premier League,L 1-3,N,33,FW,80,1.87,25
Darwin Nunez,27-04-2025,Home,Liverpool,Tottenham,Premier League,W 5-1,N,8,FW,80,1.87,25
Darwin Nunez,06-04-2025,Away,Liverpool,Fulham,Premier League,L 2-3,N,24,FW,80,1.87,25
Darwin Nunez,02-04-2025,Home,Liverpool,Everton,Premier League,W 1-0,N,16,FW,80,1.87,25
Darwin Nunez,16-03-2025,Neutral,Liverpool,Newcastle Utd,EFL Cup,L 1-2,N,34,FW,80,1.87,25
Darwin Nunez,11-03-2025,Home,Liverpool,Paris S-G,Champions League,L 0-1 (pk),N,48,FW,80,1.87,25
Darwin Nunez,08-03-2025,Home,Liverpool,Southampton,Premier League,W 3-1,Y,67,FW,80,1.87,25
Darwin Nunez,05-03-2025,Away,Liverpool,Paris S-G,Champions League,W 1-0 (pk),N,24,FW,80,1.87,25
Darwin Nunez,26-02-2025,Home,Liverpool,Newcastle Utd,Premier League,W 2-0,N,4,FW,80,1.87,25
Darwin Nunez,19-02-2025,Away,Liverpool,Aston Villa,Premier League,D 2-2,N,25,FW,80,1.87,25
Darwin Nunez,16-02-2025,Home,Liverpool,Wolves,Premier League,W 2-1,N,27,FW,80,1.87,25
Darwin Nunez,12-02-2025,Away,Liverpool,Everton,Premier League,D 2-2,N,22,FW,80,1.87,25
Darwin Nunez,09-02-2025,Away,Liverpool,Plymouth Argyle,FA Cup,L 0-1,N,33,FW,80,1.87,25
Darwin Nunez,06-02-2025,Home,Liverpool,Tottenham,EFL Cup,W 4-0,Y,71,FW,80,1.87,25
Darwin Nunez,01-02-2025,Away,Liverpool,Bournemouth,Premier League,W 2-0,N,21,FW,80,1.87,25
Darwin Nunez,25-01-2025,Home,Liverpool,Ipswich Town,Premier League,W 4-1,N,23,FW,80,1.87,25
Darwin Nunez,21-01-2025,Home,Liverpool,Lille,Champions League,W 2-1,Y,90,FW,80,1.87,25
Darwin Nunez,18-01-2025,Away,Liverpool,Brentford,Premier League,W 2-0,N,26,FW,80,1.87,25
Darwin Nunez,11-01-2025,Home,Liverpool,Acc'ton Stanley,FA Cup,W 4-0,Y,90,FW,80,1.87,25
Darwin Nunez,08-01-2025,Away,Liverpool,Tottenham,EFL Cup,L 0-1,N,31,FW,80,1.87,25
Darwin Nunez,05-01-2025,Home,Liverpool,Manchester Utd,Premier League,D 2-2,N,30,FW,80,1.87,25
Darwin Nunez,26-12-2024,Home,Liverpool,Leicester City,Premier League,W 3-1,Y,76,FW,80,1.87,25
Darwin Nunez,22-12-2024,Away,Liverpool,Tottenham,Premier League,W 6-3,N,4,FW,80,1.87,25
Darwin Nunez,18-12-2024,Away,Liverpool,Southampton,EFL Cup,W 2-1,Y,90,FW,80,1.87,25
Darwin Nunez,14-12-2024,Home,Liverpool,Fulham,Premier League,D 2-2,N,21,FW,80,1.87,25
Darwin Nunez,10-12-2024,Away,Liverpool,Girona,Champions League,W 1-0,Y,70,FW,80,1.87,25
Darwin Nunez,04-12-2024,Away,Liverpool,Newcastle Utd,Premier League,D 3-3,Y,90,FW,80,1.87,25
Darwin Nunez,01-12-2024,Home,Liverpool,Manchester City,Premier League,W 2-0,N,18,FW,80,1.87,25
Darwin Nunez,27-11-2024,Home,Liverpool,Real Madrid,Champions League,W 2-0,Y,67,FW,80,1.87,25
Darwin Nunez,24-11-2024,Away,Liverpool,Southampton,Premier League,W 3-2,Y,89,FW,80,1.87,25
Darwin Nunez,09-11-2024,Home,Liverpool,Aston Villa,Premier League,W 2-0,Y,64,FW,80,1.87,25
Darwin Nunez,05-11-2024,Home,Liverpool,Leverkusen,Champions League,W 4-0,N,10,FW,80,1.87,25
Darwin Nunez,02-11-2024,Home,Liverpool,Brighton,Premier League,W 2-1,Y,76,FW,80,1.87,25
Darwin Nunez,30-10-2024,Away,Liverpool,Brighton,EFL Cup,W 3-2,N,20,FW,80,1.87,25
Darwin Nunez,27-10-2024,Away,Liverpool,Arsenal,Premier League,D 2-2,Y,90,FW,80,1.87,25
Darwin Nunez,23-10-2024,Away,Liverpool,RB Leipzig,Champions League,W 1-0,Y,74,FW,80,1.87,25
Darwin Nunez,20-10-2024,Home,Liverpool,Chelsea,Premier League,W 2-1,N,61,FW,80,1.87,25
Darwin Nunez,02-10-2024,Home,Liverpool,Bologna,Champions League,W 2-0,Y,60,FW,80,1.87,25
Darwin Nunez,25-09-2024,Home,Liverpool,West Ham,EFL Cup,W 5-1,Y,90,FW,80,1.87,25
Darwin Nunez,21-09-2024,Home,Liverpool,Bournemouth,Premier League,W 3-0,Y,71,FW,80,1.87,25
Darwin Nunez,17-09-2024,Away,Liverpool,Milan,Champions League,W 3-1,N,23,FW,80,1.87,25
Darwin Nunez,14-09-2024,Home,Liverpool,Nott'ham Forest,Premier League,L 0-1,N,31,FW,80,1.87,25
Darwin Nunez,01-09-2024,Away,Liverpool,Manchester Utd,Premier League,W 3-0,N,15,FW,80,1.87,25
Darwin Nunez,25-08-2024,Home,Liverpool,Brentford,Premier League,W 2-0,N,19,FW,80,1.87,25
Darwin Nunez,19-05-2024,Home,Liverpool,Wolves,Premier League,W 2-0,N,20,FW,80,1.87,24
Darwin Nunez,13-05-2024,Away,Liverpool,Aston Villa,Premier League,D 3-3,N,16,FW,80,1.87,24
Darwin Nunez,05-05-2024,Home,Liverpool,Tottenham,Premier League,W 4-2,N,16,FW,80,1.87,24
Darwin Nunez,27-04-2024,Away,Liverpool,West Ham,Premier League,D 2-2,N,12,FW,80,1.87,24
Darwin Nunez,24-04-2024,Away,Liverpool,Everton,Premier League,L 0-2,Y,90,FW,80,1.87,24
Darwin Nunez,21-04-2024,Away,Liverpool,Fulham,Premier League,W 3-1,N,17,FW,80,1.87,24
Darwin Nunez,18-04-2024,Away,Liverpool,Atalanta,Europa League,W 1-0,N,25,FW,80,1.87,24
Darwin Nunez,14-04-2024,Home,Liverpool,Crystal Palace,Premier League,L 0-1,Y,65,FW,80,1.87,24
Darwin Nunez,11-04-2024,Home,Liverpool,Atalanta,Europa League,L 0-3,Y,59,FW,80,1.87,24
Darwin Nunez,07-04-2024,Away,Liverpool,Manchester Utd,Premier League,D 2-2,Y,68,FW,80,1.87,24
Darwin Nunez,04-04-2024,Home,Liverpool,Sheffield Utd,Premier League,W 3-1,Y,90,FW,80,1.87,24
Darwin Nunez,31-03-2024,Home,Liverpool,Brighton,Premier League,W 2-1,Y,82,FW,80,1.87,24
Darwin Nunez,17-03-2024,Away,Liverpool,Manchester Utd,FA Cup,L 3-4 (aet),Y,120,FW,80,1.87,24
Darwin Nunez,14-03-2024,Home,Liverpool,Sparta Prague,Europa League,W 6-1,Y,45,FW,80,1.87,24
Darwin Nunez,10-03-2024,Home,Liverpool,Manchester City,Premier League,D 1-1,Y,75,FW,80,1.87,24
Darwin Nunez,07-03-2024,Away,Liverpool,Sparta Prague,Europa League,W 5-1,Y,50,FW,80,1.87,24
Darwin Nunez,02-03-2024,Away,Liverpool,Nott'ham Forest,Premier League,W 1-0,N,31,FW,80,1.87,24
Darwin Nunez,17-02-2024,Away,Liverpool,Brentford,Premier League,W 4-1,Y,45,FW,80,1.87,24
Darwin Nunez,10-02-2024,Home,Liverpool,Burnley,Premier League,W 3-1,Y,90,FW,80,1.87,24
Darwin Nunez,04-02-2024,Away,Liverpool,Arsenal,Premier League,L 1-3,N,33,FW,80,1.87,24
Darwin Nunez,31-01-2024,Home,Liverpool,Chelsea,Premier League,W 4-1,Y,90,FW,80,1.87,24
Darwin Nunez,28-01-2024,Home,Liverpool,Norwich City,FA Cup,W 5-2,Y,65,FW,80,1.87,24
Darwin Nunez,24-01-2024,Away,Liverpool,Fulham,EFL Cup,D 1-1,Y,66,FW,80,1.87,24
Darwin Nunez,21-01-2024,Away,Liverpool,Bournemouth,Premier League,W 4-0,Y,90,FW,80,1.87,24
Darwin Nunez,10-01-2024,Home,Liverpool,Fulham,EFL Cup,W 2-1,N,35,FW,80,1.87,24
Darwin Nunez,07-01-2024,Away,Liverpool,Arsenal,FA Cup,W 2-0,Y,90,FW,80,1.87,24
Darwin Nunez,01-01-2024,Home,Liverpool,Newcastle Utd,Premier League,W 4-2,Y,63,FW,80,1.87,24
Darwin Nunez,26-12-2023,Away,Liverpool,Burnley,Premier League,W 2-0,Y,83,FW,80,1.87,24
Darwin Nunez,23-12-2023,Home,Liverpool,Arsenal,Premier League,D 1-1,N,23,FW,80,1.87,24
Darwin Nunez,20-12-2023,Home,Liverpool,West Ham,EFL Cup,W 5-1,Y,90,FW,80,1.87,24
Darwin Nunez,17-12-2023,Home,Liverpool,Manchester Utd,Premier League,D 0-0,Y,77,FW,80,1.87,24
Darwin Nunez,14-12-2023,Away,Liverpool,Union SG,Europa League,L 1-2,N,28,FW,80,1.87,24
Darwin Nunez,09-12-2023,Away,Liverpool,Crystal Palace,Premier League,W 2-1,Y,72,FW,80,1.87,24
Darwin Nunez,06-12-2023,Away,Liverpool,Sheffield Utd,Premier League,W 2-0,N,24,FW,80,1.87,24
Darwin Nunez,03-12-2023,Home,Liverpool,Fulham,Premier League,W 4-3,Y,90,FW,80,1.87,24
Darwin Nunez,30-11-2023,Home,Liverpool,LASK,Europa League,W 4-0,N,35,FW,80,1.87,24
Darwin Nunez,25-11-2023,Away,Liverpool,Manchester City,Premier League,D 1-1,Y,84,FW,80,1.87,24
Darwin Nunez,12-11-2023,Home,Liverpool,Brentford,Premier League,W 3-0,Y,90,FW,80,1.87,24
Darwin Nunez,09-11-2023,Away,Liverpool,Toulouse,Europa League,L 2-3,N,18,FW,80,1.87,24
Darwin Nunez,05-11-2023,Away,Liverpool,Luton Town,Premier League,D 1-1,Y,90,FW,80,1.87,24
Darwin Nunez,01-11-2023,Away,Liverpool,Bournemouth,EFL Cup,W 2-1,N,31,FW,80,1.87,24
Darwin Nunez,29-10-2023,Home,Liverpool,Nott'ham Forest,Premier League,W 3-0,Y,79,FW,80,1.87,24
Darwin Nunez,26-10-2023,Home,Liverpool,Toulouse,Europa League,W 5-1,Y,65,FW,80,1.87,24
Darwin Nunez,21-10-2023,Home,Liverpool,Everton,Premier League,W 2-0,N,29,FW,80,1.87,24
Darwin Nunez,08-10-2023,Away,Liverpool,Brighton,Premier League,D 2-2,Y,90,FW,80,1.87,24
Darwin Nunez,05-10-2023,Home,Liverpool,Union SG,Europa League,W 2-0,Y,45,FW,80,1.87,24
Darwin Nunez,27-09-2023,Home,Liverpool,Leicester City,EFL Cup,W 3-1,N,26,FW,80,1.87,24
Darwin Nunez,24-09-2023,Home,Liverpool,West Ham,Premier League,W 3-1,Y,80,FW,80,1.87,24
Darwin Nunez,21-09-2023,Away,Liverpool,LASK,Europa League,W 3-1,Y,90,FW,80,1.87,24
Darwin Nunez,16-09-2023,Away,Liverpool,Wolves,Premier League,W 3-1,N,35,FW,80,1.87,24
Darwin Nunez,03-09-2023,Home,Liverpool,Aston Villa,Premier League,W 3-0,Y,64,FW,80,1.87,24
Darwin Nunez,27-08-2023,Away,Liverpool,Newcastle Utd,Premier League,W 2-1,N,14,FW,80,1.87,24
Darwin Nunez,19-08-2023,Home,Liverpool,Bournemouth,Premier League,W 3-1,N,5,FW,80,1.87,24
Darwin Nunez,13-08-2023,Away,Liverpool,Chelsea,Premier League,D 1-1,N,25,FW,80,1.87,24
Darwin Nunez,06-05-2023,Home,Liverpool,Brentford,Premier League,W 1-0,Y,64,FW,80,1.87,23
Darwin Nunez,03-05-2023,Home,Liverpool,Fulham,Premier League,W 1-0,Y,82,FW,80,1.87,23
Darwin Nunez,30-04-2023,Home,Liverpool,Tottenham,Premier League,W 4-3,N,18,FW,80,1.87,23
Darwin Nunez,26-04-2023,Away,Liverpool,West Ham,Premier League,W 2-1,N,13,FW,80,1.87,23
Darwin Nunez,22-04-2023,Home,Liverpool,Nott'ham Forest,Premier League,W 3-2,N,31,FW,80,1.87,23
Darwin Nunez,17-04-2023,Away,Liverpool,Leeds United,Premier League,W 6-1,N,10,FW,80,1.87,23
Darwin Nunez,09-04-2023,Home,Liverpool,Arsenal,Premier League,D 2-2,N,31,FW,80,1.87,23
Darwin Nunez,04-04-2023,Away,Liverpool,Chelsea,Premier League,D 0-0,Y,78,FW,80,1.87,23
Darwin Nunez,01-04-2023,Away,Liverpool,Manchester City,Premier League,L 1-4,N,21,FW,80,1.87,23
Darwin Nunez,15-03-2023,Away,Liverpool,Real Madrid,Champions League,L 0-1,Y,56,FW,80,1.87,23
Darwin Nunez,11-03-2023,Away,Liverpool,Bournemouth,Premier League,L 0-1,Y,65,FW,80,1.87,23
Darwin Nunez,05-03-2023,Home,Liverpool,Manchester Utd,Premier League,W 7-0,Y,78,FW,80,1.87,23
Darwin Nunez,01-03-2023,Home,Liverpool,Wolves,Premier League,W 2-0,Y,88,FW,80,1.87,23
Darwin Nunez,21-02-2023,Home,Liverpool,Real Madrid,Champions League,L 2-5,Y,63,FW,80,1.87,23
Darwin Nunez,18-02-2023,Away,Liverpool,Newcastle Utd,Premier League,W 2-0,Y,58,FW,80,1.87,23
Darwin Nunez,13-02-2023,Home,Liverpool,Everton,Premier League,W 2-0,Y,69,FW,80,1.87,23
Darwin Nunez,04-02-2023,Away,Liverpool,Wolves,Premier League,L 0-3,Y,90,FW,80,1.87,23
Darwin Nunez,29-01-2023,Away,Liverpool,Brighton,FA Cup,L 1-2,N,32,FW,80,1.87,23
Darwin Nunez,21-01-2023,Home,Liverpool,Chelsea,Premier League,D 0-0,N,28,FW,80,1.87,23
Darwin Nunez,07-01-2023,Home,Liverpool,Wolves,FA Cup,D 2-2,Y,90,FW,80,1.87,23
Darwin Nunez,02-01-2023,Away,Liverpool,Brentford,Premier League,L 1-3,Y,90,FW,80,1.87,23
Darwin Nunez,30-12-2022,Home,Liverpool,Leicester City,Premier League,W 2-1,Y,90,FW,80,1.87,23
Darwin Nunez,26-12-2022,Away,Liverpool,Aston Villa,Premier League,W 3-1,Y,87,FW,80,1.87,23
Darwin Nunez,22-12-2022,Away,Liverpool,Manchester City,EFL Cup,L 2-3,Y,90,FW,80,1.87,23
Darwin Nunez,12-11-2022,Home,Liverpool,Southampton,Premier League,W 3-1,Y,86,FW,80,1.87,23
Darwin Nunez,09-11-2022,Home,Liverpool,Derby County,EFL Cup,D 0-0 (pk),N,55,FW,80,1.87,23
Darwin Nunez,06-11-2022,Away,Liverpool,Tottenham,Premier League,W 2-1,Y,86,FW,80,1.87,23
Darwin Nunez,01-11-2022,Home,Liverpool,Napoli,Champions League,W 2-0,N,18,FW,80,1.87,23
Darwin Nunez,29-10-2022,Home,Liverpool,Leeds United,Premier League,L 1-2,Y,90,FW,80,1.87,23
Darwin Nunez,26-10-2022,Away,Liverpool,Ajax,Champions League,W 3-0,Y,62,FW,80,1.87,23
Darwin Nunez,19-10-2022,Home,Liverpool,West Ham,Premier League,W 1-0,Y,56,FW,80,1.87,23
Darwin Nunez,16-10-2022,Home,Liverpool,Manchester City,Premier League,W 1-0,N,19,FW,80,1.87,23
Darwin Nunez,12-10-2022,Away,Liverpool,Rangers,Champions League,W 7-1,Y,67,FW,80,1.87,23
Darwin Nunez,09-10-2022,Away,Liverpool,Arsenal,Premier League,L 2-3,Y,90,FW,80,1.87,23
Darwin Nunez,04-10-2022,Home,Liverpool,Rangers,Champions League,W 2-0,Y,79,FW,80,1.87,23
Darwin Nunez,01-10-2022,Home,Liverpool,Brighton,Premier League,D 3-3,N,2,FW,80,1.87,23
Darwin Nunez,13-09-2022,Home,Liverpool,Ajax,Champions League,W 2-1,N,25,FW,80,1.87,23
Darwin Nunez,07-09-2022,Away,Liverpool,Napoli,Champions League,L 1-4,N,29,FW,80,1.87,23
Darwin Nunez,03-09-2022,Away,Liverpool,Everton,Premier League,D 0-0,Y,79,FW,80,1.87,23
Darwin Nunez,15-08-2022,Home,Liverpool,Crystal Palace,Premier League,D 1-1,Y,56,FW,80,1.87,23
Darwin Nunez,06-08-2022,Away,Liverpool,Fulham,Premier League,D 2-2,N,40,FW,80,1.87,23
Darwin Nunez,30-07-2022,Neutral,Liverpool,Manchester City,FA Community Shield,W 3-1,N,32,FW,80,1.87,22
Diogo Jota,25-05-2025,Home,Liverpool,Crystal Palace,Premier League,D 1-1,N,30,FW,70,1.78,27
Diogo Jota,11-05-2025,Home,Liverpool,Arsenal,Premier League,D 2-2,N,12,FW,70,1.78,27
Diogo Jota,04-05-2025,Away,Liverpool,Chelsea,Premier League,L 1-3,Y,57,FW,70,1.78,27
Diogo Jota,27-04-2025,Home,Liverpool,Tottenham,Premier League,W 5-1,N,23,FW,70,1.78,27
Diogo Jota,20-04-2025,Away,Liverpool,Leicester City,Premier League,W 1-0,N,31,FW,70,1.78,27
Diogo Jota,13-04-2025,Home,Liverpool,West Ham,Premier League,W 2-1,Y,59,FW,70,1.78,27
Diogo Jota,06-04-2025,Away,Liverpool,Fulham,Premier League,L 2-3,Y,66,FW,70,1.78,27
Diogo Jota,02-04-2025,Home,Liverpool,Everton,Premier League,W 1-0,Y,74,FW,70,1.78,27
Diogo Jota,16-03-2025,Neutral,Liverpool,Newcastle Utd,EFL Cup,L 1-2,Y,56,"FW,MF",70,1.78,27
Diogo Jota,11-03-2025,Home,Liverpool,Paris S-G,Champions League,L 0-1 (pk),Y,72,FW,70,1.78,27
Diogo Jota,08-03-2025,Home,Liverpool,Southampton,Premier League,W 3-1,N,23,FW,70,1.78,27
Diogo Jota,05-03-2025,Away,Liverpool,Paris S-G,Champions League,W 1-0 (pk),Y,66,FW,70,1.78,27
Diogo Jota,26-02-2025,Home,Liverpool,Newcastle Utd,Premier League,W 2-0,Y,61,FW,70,1.78,27
Diogo Jota,19-02-2025,Away,Liverpool,Aston Villa,Premier League,D 2-2,Y,65,FW,70,1.78,27
Diogo Jota,16-02-2025,Home,Liverpool,Wolves,Premier League,W 2-1,Y,63,FW,70,1.78,27
Diogo Jota,12-02-2025,Away,Liverpool,Everton,Premier League,D 2-2,N,3,FW,70,1.78,27
Diogo Jota,09-02-2025,Away,Liverpool,Plymouth Argyle,FA Cup,L 0-1,Y,90,"MF,FW",70,1.78,27
Diogo Jota,06-02-2025,Home,Liverpool,Tottenham,EFL Cup,W 4-0,N,19,"FW,MF",70,1.78,27
Diogo Jota,14-01-2025,Away,Liverpool,Nott'ham Forest,Premier League,D 1-1,N,25,FW,70,1.78,27
Diogo Jota,11-01-2025,Home,Liverpool,Acc'ton Stanley,FA Cup,W 4-0,Y,90,"MF,FW",70,1.78,27
Diogo Jota,08-01-2025,Away,Liverpool,Tottenham,EFL Cup,L 0-1,Y,59,"FW,MF",70,1.78,27
Diogo Jota,05-01-2025,Home,Liverpool,Manchester Utd,Premier League,D 2-2,N,30,FW,70,1.78,27
Diogo Jota,29-12-2024,Away,Liverpool,West Ham,Premier League,W 5-0,N,33,FW,70,1.78,27
Diogo Jota,26-12-2024,Home,Liverpool,Leicester City,Premier League,W 3-1,N,14,FW,70,1.78,27
Diogo Jota,22-12-2024,Away,Liverpool,Tottenham,Premier League,W 6-3,N,23,FW,70,1.78,27
Diogo Jota,18-12-2024,Away,Liverpool,Southampton,EFL Cup,W 2-1,N,28,"FW,MF",70,1.78,27
Diogo Jota,14-12-2024,Home,Liverpool,Fulham,Premier League,D 2-2,N,12,FW,70,1.78,27
Diogo Jota,20-10-2024,Home,Liverpool,Chelsea,Premier League,W 2-1,Y,29,FW,70,1.78,27
Diogo Jota,05-10-2024,Away,Liverpool,Crystal Palace,Premier League,W 1-0,Y,90,FW,70,1.78,27
Diogo Jota,02-10-2024,Home,Liverpool,Bologna,Champions League,W 2-0,N,30,FW,70,1.78,27
Diogo Jota,28-09-2024,Away,Liverpool,Wolves,Premier League,W 2-1,Y,90,FW,70,1.78,27
Diogo Jota,25-09-2024,Home,Liverpool,West Ham,EFL Cup,W 5-1,Y,58,"FW,MF",70,1.78,27
Diogo Jota,17-09-2024,Away,Liverpool,Milan,Champions League,W 3-1,Y,67,FW,70,1.78,27
Diogo Jota,14-09-2024,Home,Liverpool,Nott'ham Forest,Premier League,L 0-1,Y,59,FW,70,1.78,27
Diogo Jota,01-09-2024,Away,Liverpool,Manchester Utd,Premier League,W 3-0,Y,75,FW,70,1.78,27
Diogo Jota,25-08-2024,Home,Liverpool,Brentford,Premier League,W 2-0,Y,71,FW,70,1.78,27
Diogo Jota,17-08-2024,Away,Liverpool,Ipswich Town,Premier League,W 2-0,Y,78,FW,70,1.78,27
Diogo Jota,21-04-2024,Away,Liverpool,Fulham,Premier League,W 3-1,Y,73,FW,70,1.78,26
Diogo Jota,18-04-2024,Away,Liverpool,Atalanta,Europa League,W 1-0,N,25,FW,70,1.78,26
Diogo Jota,14-04-2024,Home,Liverpool,Crystal Palace,Premier League,L 0-1,N,25,FW,70,1.78,26
Diogo Jota,11-04-2024,Home,Liverpool,Atalanta,Europa League,L 0-3,N,15,FW,70,1.78,26
Diogo Jota,17-02-2024,Away,Liverpool,Brentford,Premier League,W 4-1,Y,43,FW,70,1.78,26
Diogo Jota,10-02-2024,Home,Liverpool,Burnley,Premier League,W 3-1,Y,90,FW,70,1.78,26
Diogo Jota,04-02-2024,Away,Liverpool,Arsenal,Premier League,L 1-3,Y,90,FW,70,1.78,26
Diogo Jota,31-01-2024,Home,Liverpool,Chelsea,Premier League,W 4-1,Y,67,FW,70,1.78,26
Diogo Jota,28-01-2024,Home,Liverpool,Norwich City,FA Cup,W 5-2,Y,90,FW,70,1.78,26
Diogo Jota,24-01-2024,Away,Liverpool,Fulham,EFL Cup,D 1-1,N,24,FW,70,1.78,26
Diogo Jota,21-01-2024,Away,Liverpool,Bournemouth,Premier League,W 4-0,Y,89,FW,70,1.78,26
Diogo Jota,10-01-2024,Home,Liverpool,Fulham,EFL Cup,W 2-1,Y,90,FW,70,1.78,26
Diogo Jota,07-01-2024,Away,Liverpool,Arsenal,FA Cup,W 2-0,N,32,FW,70,1.78,26
Diogo Jota,01-01-2024,Home,Liverpool,Newcastle Utd,Premier League,W 4-2,N,27,FW,70,1.78,26
Diogo Jota,26-12-2023,Away,Liverpool,Burnley,Premier League,W 2-0,N,7,FW,70,1.78,26
Diogo Jota,25-11-2023,Away,Liverpool,Manchester City,Premier League,D 1-1,Y,53,FW,70,1.78,26
Diogo Jota,12-11-2023,Home,Liverpool,Brentford,Premier League,W 3-0,Y,82,FW,70,1.78,26
Diogo Jota,09-11-2023,Away,Liverpool,Toulouse,Europa League,L 2-3,N,10,FW,70,1.78,26
Diogo Jota,05-11-2023,Away,Liverpool,Luton Town,Premier League,D 1-1,Y,65,FW,70,1.78,26
Diogo Jota,01-11-2023,Away,Liverpool,Bournemouth,EFL Cup,W 2-1,N,10,FW,70,1.78,26
Diogo Jota,29-10-2023,Home,Liverpool,Nott'ham Forest,Premier League,W 3-0,Y,57,FW,70,1.78,26
Diogo Jota,26-10-2023,Home,Liverpool,Toulouse,Europa League,W 5-1,Y,90,FW,70,1.78,26
Diogo Jota,21-10-2023,Home,Liverpool,Everton,Premier League,W 2-0,Y,90,FW,70,1.78,26
Diogo Jota,05-10-2023,Home,Liverpool,Union SG,Europa League,W 2-0,Y,90,FW,70,1.78,26
Diogo Jota,30-09-2023,Away,Liverpool,Tottenham,Premier League,L 1-2,N,23,FW,70,1.78,26
Diogo Jota,27-09-2023,Home,Liverpool,Leicester City,EFL Cup,W 3-1,Y,90,FW,70,1.78,26
Diogo Jota,24-09-2023,Home,Liverpool,West Ham,Premier League,W 3-1,N,10,FW,70,1.78,26
Diogo Jota,16-09-2023,Away,Liverpool,Wolves,Premier League,W 3-1,Y,55,FW,70,1.78,26
Diogo Jota,03-09-2023,Home,Liverpool,Aston Villa,Premier League,W 3-0,N,26,FW,70,1.78,26
Diogo Jota,27-08-2023,Away,Liverpool,Newcastle Utd,Premier League,W 2-1,N,33,FW,70,1.78,26
Diogo Jota,19-08-2023,Home,Liverpool,Bournemouth,Premier League,W 3-1,Y,75,FW,70,1.78,26
Diogo Jota,13-08-2023,Away,Liverpool,Chelsea,Premier League,D 1-1,Y,65,FW,70,1.78,26
Diogo Jota,28-05-2023,Away,Liverpool,Southampton,Premier League,D 4-4,Y,90,FW,70,1.78,25
Diogo Jota,20-05-2023,Home,Liverpool,Aston Villa,Premier League,D 1-1,N,28,FW,70,1.78,25
Diogo Jota,15-05-2023,Away,Liverpool,Leicester City,Premier League,W 3-0,N,17,FW,70,1.78,25
Diogo Jota,06-05-2023,Home,Liverpool,Brentford,Premier League,W 1-0,Y,72,FW,70,1.78,25
Diogo Jota,03-05-2023,Home,Liverpool,Fulham,Premier League,W 1-0,N,8,FW,70,1.78,25
Diogo Jota,30-04-2023,Home,Liverpool,Tottenham,Premier League,W 4-3,N,28,FW,70,1.78,25
Diogo Jota,26-04-2023,Away,Liverpool,West Ham,Premier League,W 2-1,Y,58,FW,70,1.78,25
Diogo Jota,22-04-2023,Home,Liverpool,Nott'ham Forest,Premier League,W 3-2,Y,80,FW,70,1.78,25
Diogo Jota,17-04-2023,Away,Liverpool,Leeds United,Premier League,W 6-1,Y,81,FW,70,1.78,25
Diogo Jota,09-04-2023,Home,Liverpool,Arsenal,Premier League,D 2-2,Y,59,FW,70,1.78,25
Diogo Jota,04-04-2023,Away,Liverpool,Chelsea,Premier League,D 0-0,Y,90,FW,70,1.78,25
Diogo Jota,01-04-2023,Away,Liverpool,Manchester City,Premier League,L 1-4,Y,69,FW,70,1.78,25
Diogo Jota,15-03-2023,Away,Liverpool,Real Madrid,Champions League,L 0-1,Y,56,"FW,MF",70,1.78,25
Diogo Jota,11-03-2023,Away,Liverpool,Bournemouth,Premier League,L 0-1,N,45,FW,70,1.78,25
Diogo Jota,05-03-2023,Home,Liverpool,Manchester Utd,Premier League,W 7-0,N,12,FW,70,1.78,25
Diogo Jota,01-03-2023,Home,Liverpool,Wolves,Premier League,W 2-0,Y,75,FW,70,1.78,25
Diogo Jota,25-02-2023,Away,Liverpool,Crystal Palace,Premier League,D 0-0,Y,70,FW,70,1.78,25
Diogo Jota,21-02-2023,Home,Liverpool,Real Madrid,Champions League,L 2-5,N,27,"FW,MF",70,1.78,25
Diogo Jota,18-02-2023,Away,Liverpool,Newcastle Utd,Premier League,W 2-0,N,32,FW,70,1.78,25
Diogo Jota,13-02-2023,Home,Liverpool,Everton,Premier League,W 2-0,N,21,FW,70,1.78,25
Diogo Jota,16-10-2022,Home,Liverpool,Manchester City,Premier League,W 1-0,Y,89,FW,70,1.78,25
Diogo Jota,12-10-2022,Away,Liverpool,Rangers,Champions League,W 7-1,N,18,"FW,MF",70,1.78,25
Diogo Jota,09-10-2022,Away,Liverpool,Arsenal,Premier League,L 2-3,Y,80,FW,70,1.78,25
Diogo Jota,04-10-2022,Home,Liverpool,Rangers,Champions League,W 2-0,Y,68,"FW,MF",70,1.78,25
Diogo Jota,01-10-2022,Home,Liverpool,Brighton,Premier League,D 3-3,N,16,FW,70,1.78,25
Diogo Jota,13-09-2022,Home,Liverpool,Ajax,Champions League,W 2-1,Y,65,"FW,MF",70,1.78,25
Diogo Jota,07-09-2022,Away,Liverpool,Napoli,Champions League,L 1-4,N,29,"FW,MF",70,1.78,25
Diogo Jota,03-09-2022,Away,Liverpool,Everton,Premier League,D 0-0,N,11,FW,70,1.78,25
Dominik Szoboszlai,25-05-2025,Home,Liverpool,Crystal Palace,Premier League,D 1-1,Y,60,MF,74,1.86,23
Dominik Szoboszlai,19-05-2025,Away,Liverpool,Brighton,Premier League,L 2-3,Y,62,MF,74,1.86,23
Dominik Szoboszlai,11-05-2025,Home,Liverpool,Arsenal,Premier League,D 2-2,Y,90,MF,74,1.86,23
Dominik Szoboszlai,04-05-2025,Away,Liverpool,Chelsea,Premier League,L 1-3,N,22,MF,74,1.86,23
Dominik Szoboszlai,27-04-2025,Home,Liverpool,Tottenham,Premier League,W 5-1,Y,67,MF,74,1.86,23
Dominik Szoboszlai,20-04-2025,Away,Liverpool,Leicester City,Premier League,W 1-0,Y,70,MF,74,1.86,23
Dominik Szoboszlai,13-04-2025,Home,Liverpool,West Ham,Premier League,W 2-1,N,23,MF,74,1.86,23
Dominik Szoboszlai,06-04-2025,Away,Liverpool,Fulham,Premier League,L 2-3,Y,54,MF,74,1.86,23
Dominik Szoboszlai,02-04-2025,Home,Liverpool,Everton,Premier League,W 1-0,Y,90,MF,74,1.86,23
Dominik Szoboszlai,16-03-2025,Neutral,Liverpool,Newcastle Utd,EFL Cup,L 1-2,Y,90,"MF,FW",74,1.86,23
Dominik Szoboszlai,11-03-2025,Home,Liverpool,Paris S-G,Champions League,L 0-1 (pk),Y,104,MF,74,1.86,23
Dominik Szoboszlai,08-03-2025,Home,Liverpool,Southampton,Premier League,W 3-1,Y,45,MF,74,1.86,23
Dominik Szoboszlai,05-03-2025,Away,Liverpool,Paris S-G,Champions League,W 1-0 (pk),Y,90,MF,74,1.86,23
Dominik Szoboszlai,26-02-2025,Home,Liverpool,Newcastle Utd,Premier League,W 2-0,Y,90,MF,74,1.86,23
Dominik Szoboszlai,23-02-2025,Away,Liverpool,Manchester City,Premier League,W 2-0,Y,90,MF,74,1.86,23
Dominik Szoboszlai,19-02-2025,Away,Liverpool,Aston Villa,Premier League,D 2-2,Y,90,MF,74,1.86,23
Dominik Szoboszlai,16-02-2025,Home,Liverpool,Wolves,Premier League,W 2-1,Y,90,MF,74,1.86,23
Dominik Szoboszlai,12-02-2025,Away,Liverpool,Everton,Premier League,D 2-2,Y,90,MF,74,1.86,23
Dominik Szoboszlai,06-02-2025,Home,Liverpool,Tottenham,EFL Cup,W 4-0,Y,90,"MF,FW",74,1.86,23
Dominik Szoboszlai,01-02-2025,Away,Liverpool,Bournemouth,Premier League,W 2-0,Y,90,MF,74,1.86,23
Dominik Szoboszlai,25-01-2025,Home,Liverpool,Ipswich Town,Premier League,W 4-1,Y,67,MF,74,1.86,23
Dominik Szoboszlai,21-01-2025,Home,Liverpool,Lille,Champions League,W 2-1,Y,62,MF,74,1.86,23
Dominik Szoboszlai,18-01-2025,Away,Liverpool,Brentford,Premier League,W 2-0,Y,79,MF,74,1.86,23
Dominik Szoboszlai,14-01-2025,Away,Liverpool,Nott'ham Forest,Premier League,D 1-1,Y,90,MF,74,1.86,23
Dominik Szoboszlai,11-01-2025,Home,Liverpool,Acc'ton Stanley,FA Cup,W 4-0,Y,45,MF,74,1.86,23
Dominik Szoboszlai,26-12-2024,Home,Liverpool,Leicester City,Premier League,W 3-1,N,14,MF,74,1.86,23
Dominik Szoboszlai,22-12-2024,Away,Liverpool,Tottenham,Premier League,W 6-3,Y,90,MF,74,1.86,23
Dominik Szoboszlai,14-12-2024,Home,Liverpool,Fulham,Premier League,D 2-2,Y,78,MF,74,1.86,23
Dominik Szoboszlai,10-12-2024,Away,Liverpool,Girona,Champions League,W 1-0,Y,90,MF,74,1.86,23
Dominik Szoboszlai,04-12-2024,Away,Liverpool,Newcastle Utd,Premier League,D 3-3,N,24,MF,74,1.86,23
Dominik Szoboszlai,01-12-2024,Home,Liverpool,Manchester City,Premier League,W 2-0,Y,90,MF,74,1.86,23
Dominik Szoboszlai,27-11-2024,Home,Liverpool,Real Madrid,Champions League,W 2-0,N,8,MF,74,1.86,23
Dominik Szoboszlai,24-11-2024,Away,Liverpool,Southampton,Premier League,W 3-2,Y,90,MF,74,1.86,23
Dominik Szoboszlai,09-11-2024,Home,Liverpool,Aston Villa,Premier League,W 2-0,N,26,MF,74,1.86,23
Dominik Szoboszlai,05-11-2024,Home,Liverpool,Leverkusen,Champions League,W 4-0,N,17,MF,74,1.86,23
Dominik Szoboszlai,02-11-2024,Home,Liverpool,Brighton,Premier League,W 2-1,Y,65,MF,74,1.86,23
Dominik Szoboszlai,30-10-2024,Away,Liverpool,Brighton,EFL Cup,W 3-2,Y,70,"MF,FW",74,1.86,23
Dominik Szoboszlai,27-10-2024,Away,Liverpool,Arsenal,Premier League,D 2-2,N,28,MF,74,1.86,23
Dominik Szoboszlai,23-10-2024,Away,Liverpool,RB Leipzig,Champions League,W 1-0,Y,90,MF,74,1.86,23
Dominik Szoboszlai,20-10-2024,Home,Liverpool,Chelsea,Premier League,W 2-1,Y,90,MF,74,1.86,23
Dominik Szoboszlai,05-10-2024,Away,Liverpool,Crystal Palace,Premier League,W 1-0,N,45,MF,74,1.86,23
Dominik Szoboszlai,02-10-2024,Home,Liverpool,Bologna,Champions League,W 2-0,Y,84,MF,74,1.86,23
Dominik Szoboszlai,28-09-2024,Away,Liverpool,Wolves,Premier League,W 2-1,Y,72,MF,74,1.86,23
Dominik Szoboszlai,21-09-2024,Home,Liverpool,Bournemouth,Premier League,W 3-0,Y,60,MF,74,1.86,23
Dominik Szoboszlai,17-09-2024,Away,Liverpool,Milan,Champions League,W 3-1,Y,90,MF,74,1.86,23
Dominik Szoboszlai,14-09-2024,Home,Liverpool,Nott'ham Forest,Premier League,L 0-1,Y,90,MF,74,1.86,23
Dominik Szoboszlai,01-09-2024,Away,Liverpool,Manchester Utd,Premier League,W 3-0,Y,90,MF,74,1.86,23
Dominik Szoboszlai,25-08-2024,Home,Liverpool,Brentford,Premier League,W 2-0,Y,90,MF,74,1.86,23
Dominik Szoboszlai,17-08-2024,Away,Liverpool,Ipswich Town,Premier League,W 2-0,Y,90,MF,74,1.86,23
Dominik Szoboszlai,19-05-2024,Home,Liverpool,Wolves,Premier League,W 2-0,N,10,MF,74,1.86,22
Dominik Szoboszlai,13-05-2024,Away,Liverpool,Aston Villa,Premier League,D 3-3,N,15,MF,74,1.86,22
Dominik Szoboszlai,05-05-2024,Home,Liverpool,Tottenham,Premier League,W 4-2,N,8,MF,74,1.86,22
Dominik Szoboszlai,27-04-2024,Away,Liverpool,West Ham,Premier League,D 2-2,N,1,MF,74,1.86,22
Dominik Szoboszlai,24-04-2024,Away,Liverpool,Everton,Premier League,L 0-2,Y,62,MF,74,1.86,22
Dominik Szoboszlai,21-04-2024,Away,Liverpool,Fulham,Premier League,W 3-1,N,5,MF,74,1.86,22
Dominik Szoboszlai,18-04-2024,Away,Liverpool,Atalanta,Europa League,W 1-0,Y,66,MF,74,1.86,22
Dominik Szoboszlai,14-04-2024,Home,Liverpool,Crystal Palace,Premier League,L 0-1,N,45,MF,74,1.86,22
Dominik Szoboszlai,11-04-2024,Home,Liverpool,Atalanta,Europa League,L 0-3,N,45,MF,74,1.86,22
Dominik Szoboszlai,07-04-2024,Away,Liverpool,Manchester Utd,Premier League,D 2-2,Y,65,MF,74,1.86,22
Dominik Szoboszlai,04-04-2024,Home,Liverpool,Sheffield Utd,Premier League,W 3-1,Y,72,MF,74,1.86,22
Dominik Szoboszlai,31-03-2024,Home,Liverpool,Brighton,Premier League,W 2-1,Y,89,MF,74,1.86,22
Dominik Szoboszlai,17-03-2024,Away,Liverpool,Manchester Utd,FA Cup,L 3-4 (aet),Y,71,MF,74,1.86,22
Dominik Szoboszlai,14-03-2024,Home,Liverpool,Sparta Prague,Europa League,W 6-1,Y,90,MF,74,1.86,22
Dominik Szoboszlai,10-03-2024,Home,Liverpool,Manchester City,Premier League,D 1-1,Y,60,MF,74,1.86,22
Dominik Szoboszlai,07-03-2024,Away,Liverpool,Sparta Prague,Europa League,W 5-1,N,40,MF,74,1.86,22
Dominik Szoboszlai,02-03-2024,Away,Liverpool,Nott'ham Forest,Premier League,W 1-0,N,15,MF,74,1.86,22
Dominik Szoboszlai,31-01-2024,Home,Liverpool,Chelsea,Premier League,W 4-1,Y,68,MF,74,1.86,22
Dominik Szoboszlai,28-01-2024,Home,Liverpool,Norwich City,FA Cup,W 5-2,N,36,MF,74,1.86,22
Dominik Szoboszlai,01-01-2024,Home,Liverpool,Newcastle Utd,Premier League,W 4-2,Y,63,MF,74,1.86,22
Dominik Szoboszlai,26-12-2023,Away,Liverpool,Burnley,Premier League,W 2-0,N,24,MF,74,1.86,22
Dominik Szoboszlai,23-12-2023,Home,Liverpool,Arsenal,Premier League,D 1-1,Y,90,MF,74,1.86,22
Dominik Szoboszlai,20-12-2023,Home,Liverpool,West Ham,EFL Cup,W 5-1,Y,59,"MF,FW",74,1.86,22
Dominik Szoboszlai,17-12-2023,Home,Liverpool,Manchester Utd,Premier League,D 0-0,Y,60,MF,74,1.86,22
Dominik Szoboszlai,09-12-2023,Away,Liverpool,Crystal Palace,Premier League,W 2-1,Y,73,MF,74,1.86,22
Dominik Szoboszlai,06-12-2023,Away,Liverpool,Sheffield Utd,Premier League,W 2-0,Y,90,MF,74,1.86,22
Dominik Szoboszlai,03-12-2023,Home,Liverpool,Fulham,Premier League,W 4-3,Y,63,MF,74,1.86,22
Dominik Szoboszlai,25-11-2023,Away,Liverpool,Manchester City,Premier League,D 1-1,Y,72,MF,74,1.86,22
Dominik Szoboszlai,12-11-2023,Home,Liverpool,Brentford,Premier League,W 3-0,Y,89,MF,74,1.86,22
Dominik Szoboszlai,09-11-2023,Away,Liverpool,Toulouse,Europa League,L 2-3,N,45,MF,74,1.86,22
Dominik Szoboszlai,05-11-2023,Away,Liverpool,Luton Town,Premier League,D 1-1,Y,65,MF,74,1.86,22
Dominik Szoboszlai,01-11-2023,Away,Liverpool,Bournemouth,EFL Cup,W 2-1,Y,75,"MF,FW",74,1.86,22
Dominik Szoboszlai,29-10-2023,Home,Liverpool,Nott'ham Forest,Premier League,W 3-0,Y,90,MF,74,1.86,22
Dominik Szoboszlai,21-10-2023,Home,Liverpool,Everton,Premier League,W 2-0,Y,90,MF,74,1.86,22
Dominik Szoboszlai,08-10-2023,Away,Liverpool,Brighton,Premier League,D 2-2,Y,90,MF,74,1.86,22
Dominik Szoboszlai,05-10-2023,Home,Liverpool,Union SG,Europa League,W 2-0,N,12,MF,74,1.86,22
Dominik Szoboszlai,30-09-2023,Away,Liverpool,Tottenham,Premier League,L 1-2,Y,90,MF,74,1.86,22
Dominik Szoboszlai,27-09-2023,Home,Liverpool,Leicester City,EFL Cup,W 3-1,N,26,"MF,FW",74,1.86,22
Dominik Szoboszlai,24-09-2023,Home,Liverpool,West Ham,Premier League,W 3-1,Y,90,MF,74,1.86,22
Dominik Szoboszlai,21-09-2023,Away,Liverpool,LASK,Europa League,W 3-1,N,30,MF,74,1.86,22
Dominik Szoboszlai,16-09-2023,Away,Liverpool,Wolves,Premier League,W 3-1,Y,90,MF,74,1.86,22
Dominik Szoboszlai,03-09-2023,Home,Liverpool,Aston Villa,Premier League,W 3-0,Y,90,MF,74,1.86,22
Dominik Szoboszlai,27-08-2023,Away,Liverpool,Newcastle Utd,Premier League,W 2-1,Y,90,MF,74,1.86,22
Dominik Szoboszlai,19-08-2023,Home,Liverpool,Bournemouth,Premier League,W 3-1,Y,90,MF,74,1.86,22
Dominik Szoboszlai,13-08-2023,Away,Liverpool,Chelsea,Premier League,D 1-1,Y,90,MF,74,1.86,22
Fabinho,28-05-2023,Away,Liverpool,Southampton,Premier League,D 4-4,Y,56,MF,78,1.88,28
Fabinho,20-05-2023,Home,Liverpool,Aston Villa,Premier League,D 1-1,Y,80,MF,78,1.88,28
Fabinho,15-05-2023,Away,Liverpool,Leicester City,Premier League,W 3-0,Y,90,MF,78,1.88,28
Fabinho,06-05-2023,Home,Liverpool,Brentford,Premier League,W 1-0,Y,90,MF,78,1.88,28
Fabinho,03-05-2023,Home,Liverpool,Fulham,Premier League,W 1-0,Y,90,MF,78,1.88,28
Fabinho,30-04-2023,Home,Liverpool,Tottenham,Premier League,W 4-3,Y,90,MF,78,1.88,28
Fabinho,26-04-2023,Away,Liverpool,West Ham,Premier League,W 2-1,Y,90,MF,78,1.88,28
Fabinho,22-04-2023,Home,Liverpool,Nott'ham Forest,Premier League,W 3-2,Y,59,MF,78,1.88,28
Fabinho,17-04-2023,Away,Liverpool,Leeds United,Premier League,W 6-1,Y,84,MF,78,1.88,28
Fabinho,09-04-2023,Home,Liverpool,Arsenal,Premier League,D 2-2,Y,77,MF,78,1.88,28
Fabinho,04-04-2023,Away,Liverpool,Chelsea,Premier League,D 0-0,Y,90,MF,78,1.88,28
Fabinho,01-04-2023,Away,Liverpool,Manchester City,Premier League,L 1-4,Y,90,MF,78,1.88,28
Fabinho,15-03-2023,Away,Liverpool,Real Madrid,Champions League,L 0-1,Y,90,MF,78,1.88,28
Fabinho,11-03-2023,Away,Liverpool,Bournemouth,Premier League,L 0-1,Y,64,MF,78,1.88,28
Fabinho,05-03-2023,Home,Liverpool,Manchester Utd,Premier League,W 7-0,Y,78,MF,78,1.88,28
Fabinho,01-03-2023,Home,Liverpool,Wolves,Premier League,W 2-0,Y,90,MF,78,1.88,28
Fabinho,25-02-2023,Away,Liverpool,Crystal Palace,Premier League,D 0-0,N,20,MF,78,1.88,28
Fabinho,21-02-2023,Home,Liverpool,Real Madrid,Champions League,L 2-5,Y,90,MF,78,1.88,28
Fabinho,18-02-2023,Away,Liverpool,Newcastle Utd,Premier League,W 2-0,Y,90,MF,78,1.88,28
Fabinho,13-02-2023,Home,Liverpool,Everton,Premier League,W 2-0,Y,90,MF,78,1.88,28
Fabinho,29-01-2023,Away,Liverpool,Brighton,FA Cup,L 1-2,N,6,MF,78,1.88,28
Fabinho,21-01-2023,Home,Liverpool,Chelsea,Premier League,D 0-0,N,9,MF,78,1.88,28
Fabinho,17-01-2023,Away,Liverpool,Wolves,FA Cup,W 1-0,N,16,MF,78,1.88,28
Fabinho,14-01-2023,Away,Liverpool,Brighton,Premier League,L 0-3,Y,67,MF,78,1.88,28
Fabinho,07-01-2023,Home,Liverpool,Wolves,FA Cup,D 2-2,Y,74,MF,78,1.88,28
Fabinho,02-01-2023,Away,Liverpool,Brentford,Premier League,L 1-3,Y,90,MF,78,1.88,28
Fabinho,26-12-2022,Away,Liverpool,Aston Villa,Premier League,W 3-1,Y,90,MF,78,1.88,28
Fabinho,22-12-2022,Away,Liverpool,Manchester City,EFL Cup,L 2-3,N,45,"DF,MF",78,1.88,28
Fabinho,12-11-2022,Home,Liverpool,Southampton,Premier League,W 3-1,Y,90,MF,78,1.88,28
Fabinho,06-11-2022,Away,Liverpool,Tottenham,Premier League,W 2-1,Y,90,MF,78,1.88,28
Fabinho,01-11-2022,Home,Liverpool,Napoli,Champions League,W 2-0,Y,90,MF,78,1.88,28
Fabinho,29-10-2022,Home,Liverpool,Leeds United,Premier League,L 1-2,Y,59,MF,78,1.88,28
Fabinho,26-10-2022,Away,Liverpool,Ajax,Champions League,W 3-0,Y,70,MF,78,1.88,28
Fabinho,22-10-2022,Away,Liverpool,Nott'ham Forest,Premier League,L 0-1,Y,90,MF,78,1.88,28
Fabinho,19-10-2022,Home,Liverpool,West Ham,Premier League,W 1-0,N,34,MF,78,1.88,28
Fabinho,16-10-2022,Home,Liverpool,Manchester City,Premier League,W 1-0,Y,72,MF,78,1.88,28
Fabinho,12-10-2022,Away,Liverpool,Rangers,Champions League,W 7-1,Y,90,MF,78,1.88,28
Fabinho,09-10-2022,Away,Liverpool,Arsenal,Premier League,L 2-3,N,22,MF,78,1.88,28
Fabinho,04-10-2022,Home,Liverpool,Rangers,Champions League,W 2-0,N,22,MF,78,1.88,28
Fabinho,01-10-2022,Home,Liverpool,Brighton,Premier League,D 3-3,Y,90,MF,78,1.88,28
Fabinho,13-09-2022,Home,Liverpool,Ajax,Champions League,W 2-1,Y,90,MF,78,1.88,28
Fabinho,07-09-2022,Away,Liverpool,Napoli,Champions League,L 1-4,Y,90,MF,78,1.88,28
Fabinho,03-09-2022,Away,Liverpool,Everton,Premier League,D 0-0,Y,90,MF,78,1.88,28
Fabinho,31-08-2022,Home,Liverpool,Newcastle Utd,Premier League,W 2-1,Y,90,MF,78,1.88,28
Fabinho,27-08-2022,Home,Liverpool,Bournemouth,Premier League,W 9-0,Y,90,MF,78,1.88,28
Fabinho,22-08-2022,Away,Liverpool,Manchester Utd,Premier League,L 1-2,N,32,MF,78,1.88,28
Fabinho,15-08-2022,Home,Liverpool,Crystal Palace,Premier League,D 1-1,Y,90,MF,78,1.88,28
Fabinho,06-08-2022,Away,Liverpool,Fulham,Premier League,D 2-2,Y,58,MF,78,1.88,28
Fabinho,30-07-2022,Neutral,Liverpool,Manchester City,FA Community Shield,W 3-1,Y,90,MF,78,1.88,27
Fabio Carvalho,15-05-2023,Away,Liverpool,Leicester City,Premier League,W 3-0,N,7,"MF,FW",75,1.8,19
Fabio Carvalho,15-03-2023,Away,Liverpool,Real Madrid,Champions League,L 0-1,N,1,"MF,FW",75,1.8,19
Fabio Carvalho,11-03-2023,Away,Liverpool,Bournemouth,Premier League,L 0-1,N,3,"MF,FW",75,1.8,19
Fabio Carvalho,17-01-2023,Away,Liverpool,Wolves,FA Cup,W 1-0,Y,65,FW,75,1.8,19
Fabio Carvalho,22-12-2022,Away,Liverpool,Manchester City,EFL Cup,L 2-3,Y,45,FW,75,1.8,19
Fabio Carvalho,12-11-2022,Home,Liverpool,Southampton,Premier League,W 3-1,N,4,"MF,FW",75,1.8,19
Fabio Carvalho,09-11-2022,Home,Liverpool,Derby County,EFL Cup,D 0-0 (pk),Y,73,FW,75,1.8,19
Fabio Carvalho,01-11-2022,Home,Liverpool,Napoli,Champions League,W 2-0,N,4,"MF,FW",75,1.8,19
Fabio Carvalho,26-10-2022,Away,Liverpool,Ajax,Champions League,W 3-0,N,20,"MF,FW",75,1.8,19
Fabio Carvalho,22-10-2022,Away,Liverpool,Nott'ham Forest,Premier League,L 0-1,Y,61,"MF,FW",75,1.8,19
Fabio Carvalho,19-10-2022,Home,Liverpool,West Ham,Premier League,W 1-0,Y,56,"MF,FW",75,1.8,19
Fabio Carvalho,16-10-2022,Home,Liverpool,Manchester City,Premier League,W 1-0,N,18,"MF,FW",75,1.8,19
Fabio Carvalho,12-10-2022,Away,Liverpool,Rangers,Champions League,W 7-1,Y,90,"MF,FW",75,1.8,19
Fabio Carvalho,01-10-2022,Home,Liverpool,Brighton,Premier League,D 3-3,Y,45,"MF,FW",75,1.8,19
Fabio Carvalho,03-09-2022,Away,Liverpool,Everton,Premier League,D 0-0,Y,45,"MF,FW",75,1.8,19
Fabio Carvalho,31-08-2022,Home,Liverpool,Newcastle Utd,Premier League,W 2-1,N,20,"MF,FW",75,1.8,19
Fabio Carvalho,27-08-2022,Home,Liverpool,Bournemouth,Premier League,W 9-0,N,45,"MF,FW",75,1.8,19
Fabio Carvalho,22-08-2022,Away,Liverpool,Manchester Utd,Premier League,L 1-2,N,18,"MF,FW",75,1.8,19
Fabio Carvalho,15-08-2022,Home,Liverpool,Crystal Palace,Premier League,D 1-1,N,12,"MF,FW",75,1.8,19
Fabio Carvalho,06-08-2022,Away,Liverpool,Fulham,Premier League,D 2-2,N,13,"MF,FW",75,1.8,19
Fabio Carvalho,30-07-2022,Neutral,Liverpool,Manchester City,FA Community Shield,W 3-1,N,1,"FW,MF",75,1.8,18
Federico Chiesa,19-05-2025,Away,Liverpool,Brighton,Premier League,L 2-3,Y,62,FW,70,1.75,26
Federico Chiesa,04-05-2025,Away,Liverpool,Chelsea,Premier League,L 1-3,N,9,FW,70,1.75,26
Federico Chiesa,06-04-2025,Away,Liverpool,Fulham,Premier League,L 2-3,N,9,FW,70,1.75,26
Federico Chiesa,16-03-2025,Neutral,Liverpool,Newcastle Utd,EFL Cup,L 1-2,N,17,MF,70,1.75,26
Federico Chiesa,09-02-2025,Away,Liverpool,Plymouth Argyle,FA Cup,L 0-1,Y,90,FW,70,1.75,26
Federico Chiesa,29-01-2025,Away,Liverpool,PSV Eindhoven,Champions League,L 2-3,Y,90,FW,70,1.75,26
Federico Chiesa,25-01-2025,Home,Liverpool,Ipswich Town,Premier League,W 4-1,N,5,FW,70,1.75,26
Federico Chiesa,21-01-2025,Home,Liverpool,Lille,Champions League,W 2-1,N,16,FW,70,1.75,26
Federico Chiesa,18-01-2025,Away,Liverpool,Brentford,Premier League,W 2-0,N,4,FW,70,1.75,26
Federico Chiesa,11-01-2025,Home,Liverpool,Acc'ton Stanley,FA Cup,W 4-0,N,45,FW,70,1.75,26
Federico Chiesa,18-12-2024,Away,Liverpool,Southampton,EFL Cup,W 2-1,N,45,MF,70,1.75,26
Federico Chiesa,25-09-2024,Home,Liverpool,West Ham,EFL Cup,W 5-1,Y,58,MF,70,1.75,26
Federico Chiesa,21-09-2024,Home,Liverpool,Bournemouth,Premier League,W 3-0,N,19,FW,70,1.75,26
Federico Chiesa,17-09-2024,Away,Liverpool,Milan,Champions League,W 3-1,N,1,FW,70,1.75,26
Harvey Elliott,25-05-2025,Home,Liverpool,Crystal Palace,Premier League,D 1-1,N,6,MF,67,1.7,21
Harvey Elliott,19-05-2025,Away,Liverpool,Brighton,Premier League,L 2-3,Y,90,MF,67,1.7,21
Harvey Elliott,11-05-2025,Home,Liverpool,Arsenal,Premier League,D 2-2,N,8,MF,67,1.7,21
Harvey Elliott,04-05-2025,Away,Liverpool,Chelsea,Premier League,L 1-3,Y,68,MF,67,1.7,21
Harvey Elliott,27-04-2025,Home,Liverpool,Tottenham,Premier League,W 5-1,N,15,MF,67,1.7,21
Harvey Elliott,20-04-2025,Away,Liverpool,Leicester City,Premier League,W 1-0,N,20,MF,67,1.7,21
Harvey Elliott,06-04-2025,Away,Liverpool,Fulham,Premier League,L 2-3,N,36,MF,67,1.7,21
Harvey Elliott,16-03-2025,Neutral,Liverpool,Newcastle Utd,EFL Cup,L 1-2,N,17,FW,67,1.7,21
Harvey Elliott,11-03-2025,Home,Liverpool,Paris S-G,Champions League,L 0-1 (pk),N,16,"MF,FW",67,1.7,21
Harvey Elliott,08-03-2025,Home,Liverpool,Southampton,Premier League,W 3-1,N,45,MF,67,1.7,21
Harvey Elliott,05-03-2025,Away,Liverpool,Paris S-G,Champions League,W 1-0 (pk),N,5,"MF,FW",67,1.7,21
Harvey Elliott,23-02-2025,Away,Liverpool,Manchester City,Premier League,W 2-0,N,1,MF,67,1.7,21
Harvey Elliott,09-02-2025,Away,Liverpool,Plymouth Argyle,FA Cup,L 0-1,Y,90,"MF,FW",67,1.7,21
Harvey Elliott,06-02-2025,Home,Liverpool,Tottenham,EFL Cup,W 4-0,N,9,FW,67,1.7,21
Harvey Elliott,29-01-2025,Away,Liverpool,PSV Eindhoven,Champions League,L 2-3,Y,90,"MF,FW",67,1.7,21
Harvey Elliott,25-01-2025,Home,Liverpool,Ipswich Town,Premier League,W 4-1,N,23,MF,67,1.7,21
Harvey Elliott,21-01-2025,Home,Liverpool,Lille,Champions League,W 2-1,N,45,"MF,FW",67,1.7,21
Harvey Elliott,18-01-2025,Away,Liverpool,Brentford,Premier League,W 2-0,N,11,MF,67,1.7,21
Harvey Elliott,11-01-2025,Home,Liverpool,Acc'ton Stanley,FA Cup,W 4-0,Y,90,"MF,FW",67,1.7,21
Harvey Elliott,05-01-2025,Home,Liverpool,Manchester Utd,Premier League,D 2-2,N,5,MF,67,1.7,21
Harvey Elliott,29-12-2024,Away,Liverpool,West Ham,Premier League,W 5-0,N,17,MF,67,1.7,21
Harvey Elliott,26-12-2024,Home,Liverpool,Leicester City,Premier League,W 3-1,N,1,MF,67,1.7,21
Harvey Elliott,22-12-2024,Away,Liverpool,Tottenham,Premier League,W 6-3,N,4,MF,67,1.7,21
Harvey Elliott,18-12-2024,Away,Liverpool,Southampton,EFL Cup,W 2-1,Y,90,FW,67,1.7,21
Harvey Elliott,14-12-2024,Home,Liverpool,Fulham,Premier League,D 2-2,N,12,MF,67,1.7,21
Harvey Elliott,10-12-2024,Away,Liverpool,Girona,Champions League,W 1-0,N,15,"MF,FW",67,1.7,21
Harvey Elliott,01-12-2024,Home,Liverpool,Manchester City,Premier League,W 2-0,N,1,MF,67,1.7,21
Harvey Elliott,25-08-2024,Home,Liverpool,Brentford,Premier League,W 2-0,N,8,MF,67,1.7,21
Harvey Elliott,19-05-2024,Home,Liverpool,Wolves,Premier League,W 2-0,Y,80,"MF,FW",67,1.7,20
Harvey Elliott,13-05-2024,Away,Liverpool,Aston Villa,Premier League,D 3-3,Y,74,"MF,FW",67,1.7,20
Harvey Elliott,05-05-2024,Home,Liverpool,Tottenham,Premier League,W 4-2,Y,82,"MF,FW",67,1.7,20
Harvey Elliott,27-04-2024,Away,Liverpool,West Ham,Premier League,D 2-2,Y,90,"MF,FW",67,1.7,20
Harvey Elliott,24-04-2024,Away,Liverpool,Everton,Premier League,L 0-2,N,28,"MF,FW",67,1.7,20
Harvey Elliott,21-04-2024,Away,Liverpool,Fulham,Premier League,W 3-1,Y,90,"MF,FW",67,1.7,20
Harvey Elliott,18-04-2024,Away,Liverpool,Atalanta,Europa League,W 1-0,N,24,"MF,FW",67,1.7,20
Harvey Elliott,14-04-2024,Home,Liverpool,Crystal Palace,Premier League,L 0-1,N,9,"MF,FW",67,1.7,20
Harvey Elliott,11-04-2024,Home,Liverpool,Atalanta,Europa League,L 0-3,Y,45,"MF,FW",67,1.7,20
Harvey Elliott,07-04-2024,Away,Liverpool,Manchester Utd,Premier League,D 2-2,N,22,"MF,FW",67,1.7,20
Harvey Elliott,04-04-2024,Home,Liverpool,Sheffield Utd,Premier League,W 3-1,N,31,"MF,FW",67,1.7,20
Harvey Elliott,31-03-2024,Home,Liverpool,Brighton,Premier League,W 2-1,N,8,"MF,FW",67,1.7,20
Harvey Elliott,17-03-2024,Away,Liverpool,Manchester Utd,FA Cup,L 3-4 (aet),N,49,"MF,FW",67,1.7,20
Harvey Elliott,14-03-2024,Home,Liverpool,Sparta Prague,Europa League,W 6-1,N,45,"MF,FW",67,1.7,20
Harvey Elliott,10-03-2024,Home,Liverpool,Manchester City,Premier League,D 1-1,Y,90,"MF,FW",67,1.7,20
Harvey Elliott,07-03-2024,Away,Liverpool,Sparta Prague,Europa League,W 5-1,Y,90,"MF,FW",67,1.7,20
Harvey Elliott,02-03-2024,Away,Liverpool,Nott'ham Forest,Premier League,W 1-0,Y,75,"MF,FW",67,1.7,20
Harvey Elliott,28-02-2024,Home,Liverpool,Southampton,FA Cup,W 3-0,Y,77,"MF,FW",67,1.7,20
Harvey Elliott,25-02-2024,Away,Liverpool,Chelsea,EFL Cup,W 1-0 (aet),Y,120,"MF,FW",67,1.7,20
Harvey Elliott,21-02-2024,Home,Liverpool,Luton Town,Premier League,W 4-1,Y,90,"MF,FW",67,1.7,20
Harvey Elliott,17-02-2024,Away,Liverpool,Brentford,Premier League,W 4-1,N,8,"MF,FW",67,1.7,20
Harvey Elliott,10-02-2024,Home,Liverpool,Burnley,Premier League,W 3-1,N,45,"MF,FW",67,1.7,20
Harvey Elliott,04-02-2024,Away,Liverpool,Arsenal,Premier League,L 1-3,N,33,"MF,FW",67,1.7,20
Harvey Elliott,31-01-2024,Home,Liverpool,Chelsea,Premier League,W 4-1,N,22,"MF,FW",67,1.7,20
Harvey Elliott,24-01-2024,Away,Liverpool,Fulham,EFL Cup,D 1-1,Y,90,"MF,FW",67,1.7,20
Harvey Elliott,21-01-2024,Away,Liverpool,Bournemouth,Premier League,W 4-0,Y,63,"MF,FW",67,1.7,20
Harvey Elliott,10-01-2024,Home,Liverpool,Fulham,EFL Cup,W 2-1,Y,55,"MF,FW",67,1.7,20
Harvey Elliott,07-01-2024,Away,Liverpool,Arsenal,FA Cup,W 2-0,Y,74,"MF,FW",67,1.7,20
Harvey Elliott,26-12-2023,Away,Liverpool,Burnley,Premier League,W 2-0,Y,66,"MF,FW",67,1.7,20
Harvey Elliott,23-12-2023,Home,Liverpool,Arsenal,Premier League,D 1-1,N,23,"MF,FW",67,1.7,20
Harvey Elliott,20-12-2023,Home,Liverpool,West Ham,EFL Cup,W 5-1,Y,90,"MF,FW",67,1.7,20
Harvey Elliott,17-12-2023,Home,Liverpool,Manchester Utd,Premier League,D 0-0,N,13,"MF,FW",67,1.7,20
Harvey Elliott,14-12-2023,Away,Liverpool,Union SG,Europa League,L 1-2,Y,90,"MF,FW",67,1.7,20
Harvey Elliott,09-12-2023,Away,Liverpool,Crystal Palace,Premier League,W 2-1,N,18,"MF,FW",67,1.7,20
Harvey Elliott,06-12-2023,Away,Liverpool,Sheffield Utd,Premier League,W 2-0,N,24,"MF,FW",67,1.7,20
Harvey Elliott,30-11-2023,Home,Liverpool,LASK,Europa League,W 4-0,Y,90,"MF,FW",67,1.7,20
Harvey Elliott,25-11-2023,Away,Liverpool,Manchester City,Premier League,D 1-1,N,6,"MF,FW",67,1.7,20
Harvey Elliott,12-11-2023,Home,Liverpool,Brentford,Premier League,W 3-0,N,8,"MF,FW",67,1.7,20
Harvey Elliott,09-11-2023,Away,Liverpool,Toulouse,Europa League,L 2-3,Y,90,"MF,FW",67,1.7,20
Harvey Elliott,05-11-2023,Away,Liverpool,Luton Town,Premier League,D 1-1,N,25,"MF,FW",67,1.7,20
Harvey Elliott,01-11-2023,Away,Liverpool,Bournemouth,EFL Cup,W 2-1,Y,59,"MF,FW",67,1.7,20
Harvey Elliott,29-10-2023,Home,Liverpool,Nott'ham Forest,Premier League,W 3-0,N,32,"MF,FW",67,1.7,20
Harvey Elliott,26-10-2023,Home,Liverpool,Toulouse,Europa League,W 5-1,Y,90,"MF,FW",67,1.7,20
Harvey Elliott,21-10-2023,Home,Liverpool,Everton,Premier League,W 2-0,N,29,"MF,FW",67,1.7,20
Harvey Elliott,08-10-2023,Away,Liverpool,Brighton,Premier League,D 2-2,Y,45,"MF,FW",67,1.7,20
Harvey Elliott,05-10-2023,Home,Liverpool,Union SG,Europa League,W 2-0,Y,90,"MF,FW",67,1.7,20
Harvey Elliott,27-09-2023,Home,Liverpool,Leicester City,EFL Cup,W 3-1,Y,90,"MF,FW",67,1.7,20
Harvey Elliott,21-09-2023,Away,Liverpool,LASK,Europa League,W 3-1,Y,90,"MF,FW",67,1.7,20
Harvey Elliott,16-09-2023,Away,Liverpool,Wolves,Premier League,W 3-1,N,35,"MF,FW",67,1.7,20
Harvey Elliott,03-09-2023,Home,Liverpool,Aston Villa,Premier League,W 3-0,N,26,"MF,FW",67,1.7,20
Harvey Elliott,27-08-2023,Away,Liverpool,Newcastle Utd,Premier League,W 2-1,N,33,"MF,FW",67,1.7,20
Harvey Elliott,19-08-2023,Home,Liverpool,Bournemouth,Premier League,W 3-1,N,15,"MF,FW",67,1.7,20
Harvey Elliott,13-08-2023,Away,Liverpool,Chelsea,Premier League,D 1-1,N,14,"MF,FW",67,1.7,20
Harvey Elliott,28-05-2023,Away,Liverpool,Southampton,Premier League,D 4-4,N,34,"MF,FW",67,1.7,19
Harvey Elliott,20-05-2023,Home,Liverpool,Aston Villa,Premier League,D 1-1,N,10,"MF,FW",67,1.7,19
Harvey Elliott,15-05-2023,Away,Liverpool,Leicester City,Premier League,W 3-0,N,3,"MF,FW",67,1.7,19
Harvey Elliott,03-05-2023,Home,Liverpool,Fulham,Premier League,W 1-0,N,7,"MF,FW",67,1.7,19
Harvey Elliott,30-04-2023,Home,Liverpool,Tottenham,Premier League,W 4-3,Y,62,"MF,FW",67,1.7,19
Harvey Elliott,01-04-2023,Away,Liverpool,Manchester City,Premier League,L 1-4,Y,69,"MF,FW",67,1.7,19
Harvey Elliott,15-03-2023,Away,Liverpool,Real Madrid,Champions League,L 0-1,N,34,MF,67,1.7,19
Harvey Elliott,11-03-2023,Away,Liverpool,Bournemouth,Premier League,L 0-1,Y,45,"MF,FW",67,1.7,19
Harvey Elliott,05-03-2023,Home,Liverpool,Manchester Utd,Premier League,W 7-0,Y,84,"MF,FW",67,1.7,19
Harvey Elliott,01-03-2023,Home,Liverpool,Wolves,Premier League,W 2-0,Y,90,"MF,FW",67,1.7,19
Harvey Elliott,25-02-2023,Away,Liverpool,Crystal Palace,Premier League,D 0-0,N,45,"MF,FW",67,1.7,19
Harvey Elliott,21-02-2023,Home,Liverpool,Real Madrid,Champions League,L 2-5,N,6,MF,67,1.7,19
Harvey Elliott,18-02-2023,Away,Liverpool,Newcastle Utd,Premier League,W 2-0,N,32,"MF,FW",67,1.7,19
Harvey Elliott,13-02-2023,Home,Liverpool,Everton,Premier League,W 2-0,N,1,"MF,FW",67,1.7,19
Harvey Elliott,04-02-2023,Away,Liverpool,Wolves,Premier League,L 0-3,N,15,"MF,FW",67,1.7,19
Harvey Elliott,29-01-2023,Away,Liverpool,Brighton,FA Cup,L 1-2,Y,58,FW,67,1.7,19
Harvey Elliott,21-01-2023,Home,Liverpool,Chelsea,Premier League,D 0-0,Y,81,"MF,FW",67,1.7,19
Harvey Elliott,17-01-2023,Away,Liverpool,Wolves,FA Cup,W 1-0,Y,90,FW,67,1.7,19
Harvey Elliott,14-01-2023,Away,Liverpool,Brighton,Premier League,L 0-3,N,22,"MF,FW",67,1.7,19
Harvey Elliott,07-01-2023,Home,Liverpool,Wolves,FA Cup,D 2-2,N,16,FW,67,1.7,19
Harvey Elliott,02-01-2023,Away,Liverpool,Brentford,Premier League,L 1-3,Y,45,"MF,FW",67,1.7,19
Harvey Elliott,30-12-2022,Home,Liverpool,Leicester City,Premier League,W 2-1,Y,85,"MF,FW",67,1.7,19
Harvey Elliott,26-12-2022,Away,Liverpool,Aston Villa,Premier League,W 3-1,N,24,"MF,FW",67,1.7,19
Harvey Elliott,22-12-2022,Away,Liverpool,Manchester City,EFL Cup,L 2-3,Y,56,MF,67,1.7,19
Harvey Elliott,12-11-2022,Home,Liverpool,Southampton,Premier League,W 3-1,Y,67,"MF,FW",67,1.7,19
Harvey Elliott,09-11-2022,Home,Liverpool,Derby County,EFL Cup,D 0-0 (pk),N,55,MF,67,1.7,19
Harvey Elliott,06-11-2022,Away,Liverpool,Tottenham,Premier League,W 2-1,Y,73,"MF,FW",67,1.7,19
Harvey Elliott,01-11-2022,Home,Liverpool,Napoli,Champions League,W 2-0,N,43,MF,67,1.7,19
Harvey Elliott,29-10-2022,Home,Liverpool,Leeds United,Premier League,L 1-2,Y,59,"MF,FW",67,1.7,19
Harvey Elliott,26-10-2022,Away,Liverpool,Ajax,Champions League,W 3-0,Y,70,MF,67,1.7,19
Harvey Elliott,22-10-2022,Away,Liverpool,Nott'ham Forest,Premier League,L 0-1,Y,90,"MF,FW",67,1.7,19
Harvey Elliott,19-10-2022,Home,Liverpool,West Ham,Premier League,W 1-0,N,34,"MF,FW",67,1.7,19
Harvey Elliott,16-10-2022,Home,Liverpool,Manchester City,Premier League,W 1-0,Y,72,"MF,FW",67,1.7,19
Harvey Elliott,12-10-2022,Away,Liverpool,Rangers,Champions League,W 7-1,Y,90,MF,67,1.7,19
Harvey Elliott,09-10-2022,Away,Liverpool,Arsenal,Premier League,L 2-3,N,10,"MF,FW",67,1.7,19
Harvey Elliott,04-10-2022,Home,Liverpool,Rangers,Champions League,W 2-0,N,11,MF,67,1.7,19
Harvey Elliott,01-10-2022,Home,Liverpool,Brighton,Premier League,D 3-3,N,32,"MF,FW",67,1.7,19
Harvey Elliott,13-09-2022,Home,Liverpool,Ajax,Champions League,W 2-1,Y,65,MF,67,1.7,19
Harvey Elliott,07-09-2022,Away,Liverpool,Napoli,Champions League,L 1-4,Y,76,MF,67,1.7,19
Harvey Elliott,03-09-2022,Away,Liverpool,Everton,Premier League,D 0-0,Y,79,"MF,FW",67,1.7,19
Harvey Elliott,31-08-2022,Home,Liverpool,Newcastle Utd,Premier League,W 2-1,Y,90,"MF,FW",67,1.7,19
Harvey Elliott,27-08-2022,Home,Liverpool,Bournemouth,Premier League,W 9-0,Y,45,"MF,FW",67,1.7,19
Harvey Elliott,22-08-2022,Away,Liverpool,Manchester Utd,Premier League,L 1-2,Y,90,"MF,FW",67,1.7,19
Harvey Elliott,15-08-2022,Home,Liverpool,Crystal Palace,Premier League,D 1-1,Y,78,"MF,FW",67,1.7,19
Harvey Elliott,06-08-2022,Away,Liverpool,Fulham,Premier League,D 2-2,N,40,"MF,FW",67,1.7,19
Harvey Elliott,30-07-2022,Neutral,Liverpool,Manchester City,FA Community Shield,W 3-1,N,18,"FW,MF",67,1.7,18
Ibrahima Konate,25-05-2025,Home,Liverpool,Crystal Palace,Premier League,D 1-1,Y,60,DF,84,1.93,25
Ibrahima Konate,19-05-2025,Away,Liverpool,Brighton,Premier League,L 2-3,Y,90,DF,84,1.93,25
Ibrahima Konate,11-05-2025,Home,Liverpool,Arsenal,Premier League,D 2-2,Y,90,DF,84,1.93,25
Ibrahima Konate,27-04-2025,Home,Liverpool,Tottenham,Premier League,W 5-1,Y,90,DF,84,1.93,25
Ibrahima Konate,20-04-2025,Away,Liverpool,Leicester City,Premier League,W 1-0,Y,90,DF,84,1.93,25
Ibrahima Konate,13-04-2025,Home,Liverpool,West Ham,Premier League,W 2-1,Y,90,DF,84,1.93,25
Ibrahima Konate,06-04-2025,Away,Liverpool,Fulham,Premier League,L 2-3,Y,66,DF,84,1.93,25
Ibrahima Konate,02-04-2025,Home,Liverpool,Everton,Premier League,W 1-0,Y,90,DF,84,1.93,25
Ibrahima Konate,16-03-2025,Neutral,Liverpool,Newcastle Utd,EFL Cup,L 1-2,Y,56,DF,84,1.93,25
Ibrahima Konate,11-03-2025,Home,Liverpool,Paris S-G,Champions League,L 0-1 (pk),Y,110,DF,84,1.93,25
Ibrahima Konate,08-03-2025,Home,Liverpool,Southampton,Premier League,W 3-1,Y,90,DF,84,1.93,25
Ibrahima Konate,05-03-2025,Away,Liverpool,Paris S-G,Champions League,W 1-0 (pk),Y,90,DF,84,1.93,25
Ibrahima Konate,26-02-2025,Home,Liverpool,Newcastle Utd,Premier League,W 2-0,Y,90,DF,84,1.93,25
Ibrahima Konate,23-02-2025,Away,Liverpool,Manchester City,Premier League,W 2-0,Y,90,DF,84,1.93,25
Ibrahima Konate,19-02-2025,Away,Liverpool,Aston Villa,Premier League,D 2-2,Y,90,DF,84,1.93,25
Ibrahima Konate,16-02-2025,Home,Liverpool,Wolves,Premier League,W 2-1,Y,45,DF,84,1.93,25
Ibrahima Konate,12-02-2025,Away,Liverpool,Everton,Premier League,D 2-2,Y,90,DF,84,1.93,25
Ibrahima Konate,06-02-2025,Home,Liverpool,Tottenham,EFL Cup,W 4-0,Y,90,DF,84,1.93,25
Ibrahima Konate,01-02-2025,Away,Liverpool,Bournemouth,Premier League,W 2-0,Y,90,DF,84,1.93,25
Ibrahima Konate,25-01-2025,Home,Liverpool,Ipswich Town,Premier League,W 4-1,Y,90,DF,84,1.93,25
Ibrahima Konate,18-01-2025,Away,Liverpool,Brentford,Premier League,W 2-0,Y,90,DF,84,1.93,25
Ibrahima Konate,14-01-2025,Away,Liverpool,Nott'ham Forest,Premier League,D 1-1,Y,65,DF,84,1.93,25
Ibrahima Konate,08-01-2025,Away,Liverpool,Tottenham,EFL Cup,L 0-1,N,11,DF,84,1.93,25
Ibrahima Konate,05-01-2025,Home,Liverpool,Manchester Utd,Premier League,D 2-2,Y,90,DF,84,1.93,25
Ibrahima Konate,27-11-2024,Home,Liverpool,Real Madrid,Champions League,W 2-0,Y,90,DF,84,1.93,25
Ibrahima Konate,24-11-2024,Away,Liverpool,Southampton,Premier League,W 3-2,Y,90,DF,84,1.93,25
Ibrahima Konate,09-11-2024,Home,Liverpool,Aston Villa,Premier League,W 2-0,Y,90,DF,84,1.93,25
Ibrahima Konate,05-11-2024,Home,Liverpool,Leverkusen,Champions League,W 4-0,Y,87,DF,84,1.93,25
Ibrahima Konate,02-11-2024,Home,Liverpool,Brighton,Premier League,W 2-1,Y,45,DF,84,1.93,25
Ibrahima Konate,30-10-2024,Away,Liverpool,Brighton,EFL Cup,W 3-2,N,1,DF,84,1.93,25
Ibrahima Konate,27-10-2024,Away,Liverpool,Arsenal,Premier League,D 2-2,Y,90,DF,84,1.93,25
Ibrahima Konate,23-10-2024,Away,Liverpool,RB Leipzig,Champions League,W 1-0,Y,90,DF,84,1.93,25
Ibrahima Konate,20-10-2024,Home,Liverpool,Chelsea,Premier League,W 2-1,Y,90,DF,84,1.93,25
Ibrahima Konate,05-10-2024,Away,Liverpool,Crystal Palace,Premier League,W 1-0,Y,90,DF,84,1.93,25
Ibrahima Konate,02-10-2024,Home,Liverpool,Bologna,Champions League,W 2-0,Y,90,DF,84,1.93,25
Ibrahima Konate,28-09-2024,Away,Liverpool,Wolves,Premier League,W 2-1,Y,90,DF,84,1.93,25
Ibrahima Konate,21-09-2024,Home,Liverpool,Bournemouth,Premier League,W 3-0,Y,90,DF,84,1.93,25
Ibrahima Konate,17-09-2024,Away,Liverpool,Milan,Champions League,W 3-1,Y,90,DF,84,1.93,25
Ibrahima Konate,14-09-2024,Home,Liverpool,Nott'ham Forest,Premier League,L 0-1,Y,74,DF,84,1.93,25
Ibrahima Konate,01-09-2024,Away,Liverpool,Manchester Utd,Premier League,W 3-0,Y,90,DF,84,1.93,25
Ibrahima Konate,25-08-2024,Home,Liverpool,Brentford,Premier League,W 2-0,Y,90,DF,84,1.93,25
Ibrahima Konate,17-08-2024,Away,Liverpool,Ipswich Town,Premier League,W 2-0,N,45,DF,84,1.93,25
Ibrahima Konate,24-04-2024,Away,Liverpool,Everton,Premier League,L 0-2,Y,62,DF,84,1.93,24
Ibrahima Konate,18-04-2024,Away,Liverpool,Atalanta,Europa League,W 1-0,Y,90,DF,84,1.93,24
Ibrahima Konate,14-04-2024,Home,Liverpool,Crystal Palace,Premier League,L 0-1,Y,90,DF,84,1.93,24
Ibrahima Konate,11-04-2024,Home,Liverpool,Atalanta,Europa League,L 0-3,Y,90,DF,84,1.93,24
Ibrahima Konate,04-04-2024,Home,Liverpool,Sheffield Utd,Premier League,W 3-1,Y,90,DF,84,1.93,24
Ibrahima Konate,07-03-2024,Away,Liverpool,Sparta Prague,Europa League,W 5-1,Y,49,DF,84,1.93,24
Ibrahima Konate,02-03-2024,Away,Liverpool,Nott'ham Forest,Premier League,W 1-0,Y,90,DF,84,1.93,24
Ibrahima Konate,28-02-2024,Home,Liverpool,Southampton,FA Cup,W 3-0,N,45,DF,84,1.93,24
Ibrahima Konate,25-02-2024,Away,Liverpool,Chelsea,EFL Cup,W 1-0 (aet),Y,104,DF,84,1.93,24
Ibrahima Konate,17-02-2024,Away,Liverpool,Brentford,Premier League,W 4-1,Y,90,DF,84,1.93,24
Ibrahima Konate,04-02-2024,Away,Liverpool,Arsenal,Premier League,L 1-3,Y,87,DF,84,1.93,24
Ibrahima Konate,31-01-2024,Home,Liverpool,Chelsea,Premier League,W 4-1,Y,90,DF,84,1.93,24
Ibrahima Konate,28-01-2024,Home,Liverpool,Norwich City,FA Cup,W 5-2,Y,54,DF,84,1.93,24
Ibrahima Konate,24-01-2024,Away,Liverpool,Fulham,EFL Cup,D 1-1,N,8,DF,84,1.93,24
Ibrahima Konate,21-01-2024,Away,Liverpool,Bournemouth,Premier League,W 4-0,Y,90,DF,84,1.93,24
Ibrahima Konate,10-01-2024,Home,Liverpool,Fulham,EFL Cup,W 2-1,Y,90,DF,84,1.93,24
Ibrahima Konate,07-01-2024,Away,Liverpool,Arsenal,FA Cup,W 2-0,Y,90,DF,84,1.93,24
Ibrahima Konate,01-01-2024,Home,Liverpool,Newcastle Utd,Premier League,W 4-2,Y,90,DF,84,1.93,24
Ibrahima Konate,23-12-2023,Home,Liverpool,Arsenal,Premier League,D 1-1,Y,90,DF,84,1.93,24
Ibrahima Konate,20-12-2023,Home,Liverpool,West Ham,EFL Cup,W 5-1,N,31,DF,84,1.93,24
Ibrahima Konate,17-12-2023,Home,Liverpool,Manchester Utd,Premier League,D 0-0,Y,90,DF,84,1.93,24
Ibrahima Konate,14-12-2023,Away,Liverpool,Union SG,Europa League,L 1-2,Y,45,DF,84,1.93,24
Ibrahima Konate,09-12-2023,Away,Liverpool,Crystal Palace,Premier League,W 2-1,N,34,DF,84,1.93,24
Ibrahima Konate,06-12-2023,Away,Liverpool,Sheffield Utd,Premier League,W 2-0,Y,90,DF,84,1.93,24
Ibrahima Konate,03-12-2023,Home,Liverpool,Fulham,Premier League,W 4-3,N,22,DF,84,1.93,24
Ibrahima Konate,30-11-2023,Home,Liverpool,LASK,Europa League,W 4-0,Y,55,DF,84,1.93,24
Ibrahima Konate,05-11-2023,Away,Liverpool,Luton Town,Premier League,D 1-1,Y,90,DF,84,1.93,24
Ibrahima Konate,29-10-2023,Home,Liverpool,Nott'ham Forest,Premier League,W 3-0,Y,90,DF,84,1.93,24
Ibrahima Konate,21-10-2023,Home,Liverpool,Everton,Premier League,W 2-0,Y,65,DF,84,1.93,24
Ibrahima Konate,08-10-2023,Away,Liverpool,Brighton,Premier League,D 2-2,N,18,DF,84,1.93,24
Ibrahima Konate,05-10-2023,Home,Liverpool,Union SG,Europa League,W 2-0,Y,90,DF,84,1.93,24
Ibrahima Konate,30-09-2023,Away,Liverpool,Tottenham,Premier League,L 1-2,N,18,DF,84,1.93,24
Ibrahima Konate,27-09-2023,Home,Liverpool,Leicester City,EFL Cup,W 3-1,Y,90,DF,84,1.93,24
Ibrahima Konate,21-09-2023,Away,Liverpool,LASK,Europa League,W 3-1,Y,81,DF,84,1.93,24
Ibrahima Konate,16-09-2023,Away,Liverpool,Wolves,Premier League,W 3-1,N,8,DF,84,1.93,24
Ibrahima Konate,19-08-2023,Home,Liverpool,Bournemouth,Premier League,W 3-1,Y,90,DF,84,1.93,24
Ibrahima Konate,13-08-2023,Away,Liverpool,Chelsea,Premier League,D 1-1,Y,90,DF,84,1.93,24
Ibrahima Konate,20-05-2023,Home,Liverpool,Aston Villa,Premier League,D 1-1,Y,90,DF,84,1.93,23
Ibrahima Konate,15-05-2023,Away,Liverpool,Leicester City,Premier League,W 3-0,Y,90,DF,84,1.93,23
Ibrahima Konate,06-05-2023,Home,Liverpool,Brentford,Premier League,W 1-0,Y,90,DF,84,1.93,23
Ibrahima Konate,03-05-2023,Home,Liverpool,Fulham,Premier League,W 1-0,Y,90,DF,84,1.93,23
Ibrahima Konate,30-04-2023,Home,Liverpool,Tottenham,Premier League,W 4-3,Y,90,DF,84,1.93,23
Ibrahima Konate,22-04-2023,Home,Liverpool,Nott'ham Forest,Premier League,W 3-2,Y,90,DF,84,1.93,23
Ibrahima Konate,17-04-2023,Away,Liverpool,Leeds United,Premier League,W 6-1,Y,90,DF,84,1.93,23
Ibrahima Konate,09-04-2023,Home,Liverpool,Arsenal,Premier League,D 2-2,Y,90,DF,84,1.93,23
Ibrahima Konate,04-04-2023,Away,Liverpool,Chelsea,Premier League,D 0-0,Y,90,DF,84,1.93,23
Ibrahima Konate,01-04-2023,Away,Liverpool,Manchester City,Premier League,L 1-4,Y,90,DF,84,1.93,23
Ibrahima Konate,15-03-2023,Away,Liverpool,Real Madrid,Champions League,L 0-1,Y,90,DF,84,1.93,23
Ibrahima Konate,11-03-2023,Away,Liverpool,Bournemouth,Premier League,L 0-1,Y,90,DF,84,1.93,23
Ibrahima Konate,05-03-2023,Home,Liverpool,Manchester Utd,Premier League,W 7-0,Y,90,DF,84,1.93,23
Ibrahima Konate,01-03-2023,Home,Liverpool,Wolves,Premier League,W 2-0,Y,90,DF,84,1.93,23
Ibrahima Konate,29-01-2023,Away,Liverpool,Brighton,FA Cup,L 1-2,Y,90,DF,84,1.93,23
Ibrahima Konate,21-01-2023,Home,Liverpool,Chelsea,Premier League,D 0-0,Y,90,DF,84,1.93,23
Ibrahima Konate,17-01-2023,Away,Liverpool,Wolves,FA Cup,W 1-0,Y,90,DF,84,1.93,23
Ibrahima Konate,14-01-2023,Away,Liverpool,Brighton,Premier League,L 0-3,Y,90,DF,84,1.93,23
Ibrahima Konate,07-01-2023,Home,Liverpool,Wolves,FA Cup,D 2-2,Y,90,DF,84,1.93,23
Ibrahima Konate,02-01-2023,Away,Liverpool,Brentford,Premier League,L 1-3,Y,90,DF,84,1.93,23
Ibrahima Konate,06-11-2022,Away,Liverpool,Tottenham,Premier League,W 2-1,Y,90,DF,84,1.93,23
Ibrahima Konate,01-11-2022,Home,Liverpool,Napoli,Champions League,W 2-0,Y,90,DF,84,1.93,23
Ibrahima Konate,12-10-2022,Away,Liverpool,Rangers,Champions League,W 7-1,Y,78,DF,84,1.93,23
Ibrahima Konate,09-10-2022,Away,Liverpool,Arsenal,Premier League,L 2-3,N,22,DF,84,1.93,23
James McConnell,09-02-2025,Away,Liverpool,Plymouth Argyle,FA Cup,L 0-1,Y,90,DF,64,1.75,20
James McConnell,29-01-2025,Away,Liverpool,PSV Eindhoven,Champions League,L 2-3,Y,90,MF,64,1.75,20
James McConnell,11-01-2025,Home,Liverpool,Acc'ton Stanley,FA Cup,W 4-0,N,31,DF,64,1.75,20
James McConnell,18-12-2024,Away,Liverpool,Southampton,EFL Cup,W 2-1,N,28,MF,64,1.75,20
James McConnell,14-03-2024,Home,Liverpool,Sparta Prague,Europa League,W 6-1,N,45,"MF,FW",64,1.75,19
James McConnell,28-02-2024,Home,Liverpool,Southampton,FA Cup,W 3-0,Y,61,MF,64,1.75,19
James McConnell,25-02-2024,Away,Liverpool,Chelsea,EFL Cup,W 1-0 (aet),N,34,MF,64,1.75,19
James McConnell,21-02-2024,Home,Liverpool,Luton Town,Premier League,W 4-1,N,2,MF,64,1.75,19
James McConnell,10-02-2024,Home,Liverpool,Burnley,Premier League,W 3-1,N,1,MF,64,1.75,19
James McConnell,28-01-2024,Home,Liverpool,Norwich City,FA Cup,W 5-2,Y,78,MF,64,1.75,19
James McConnell,14-12-2023,Away,Liverpool,Union SG,Europa League,L 1-2,N,16,"MF,FW",64,1.75,19
James McConnell,12-11-2023,Home,Liverpool,Brentford,Premier League,W 3-0,N,1,MF,64,1.75,19
James McConnell,26-10-2023,Home,Liverpool,Toulouse,Europa League,W 5-1,N,2,"MF,FW",64,1.75,19
James Milner,28-05-2023,Away,Liverpool,Southampton,Premier League,D 4-4,Y,90,"MF,DF",70,1.76,36
James Milner,20-05-2023,Home,Liverpool,Aston Villa,Premier League,D 1-1,N,19,"MF,DF",70,1.76,36
James Milner,15-05-2023,Away,Liverpool,Leicester City,Premier League,W 3-0,N,17,"MF,DF",70,1.76,36
James Milner,06-05-2023,Home,Liverpool,Brentford,Premier League,W 1-0,N,9,"MF,DF",70,1.76,36
James Milner,03-05-2023,Home,Liverpool,Fulham,Premier League,W 1-0,N,7,"MF,DF",70,1.76,36
James Milner,30-04-2023,Home,Liverpool,Tottenham,Premier League,W 4-3,N,5,"MF,DF",70,1.76,36
James Milner,26-04-2023,Away,Liverpool,West Ham,Premier League,W 2-1,N,7,"MF,DF",70,1.76,36
James Milner,22-04-2023,Home,Liverpool,Nott'ham Forest,Premier League,W 3-2,N,10,"MF,DF",70,1.76,36
James Milner,17-04-2023,Away,Liverpool,Leeds United,Premier League,W 6-1,N,9,"MF,DF",70,1.76,36
James Milner,04-04-2023,Away,Liverpool,Chelsea,Premier League,D 0-0,N,12,"MF,DF",70,1.76,36
James Milner,01-04-2023,Away,Liverpool,Manchester City,Premier League,L 1-4,N,9,"MF,DF",70,1.76,36
James Milner,15-03-2023,Away,Liverpool,Real Madrid,Champions League,L 0-1,Y,72,MF,70,1.76,36
James Milner,11-03-2023,Away,Liverpool,Bournemouth,Premier League,L 0-1,N,26,"MF,DF",70,1.76,36
James Milner,05-03-2023,Home,Liverpool,Manchester Utd,Premier League,W 7-0,N,12,"MF,DF",70,1.76,36
James Milner,01-03-2023,Home,Liverpool,Wolves,Premier League,W 2-0,N,2,"MF,DF",70,1.76,36
James Milner,25-02-2023,Away,Liverpool,Crystal Palace,Premier League,D 0-0,Y,90,"MF,DF",70,1.76,36
James Milner,21-02-2023,Home,Liverpool,Real Madrid,Champions League,L 2-5,N,18,MF,70,1.76,36
James Milner,18-02-2023,Away,Liverpool,Newcastle Utd,Premier League,W 2-0,N,32,"MF,DF",70,1.76,36
James Milner,13-02-2023,Home,Liverpool,Everton,Premier League,W 2-0,N,11,"MF,DF",70,1.76,36
James Milner,04-02-2023,Away,Liverpool,Wolves,Premier League,L 0-3,N,6,"MF,DF",70,1.76,36
James Milner,29-01-2023,Away,Liverpool,Brighton,FA Cup,L 1-2,N,32,DF,70,1.76,36
James Milner,21-01-2023,Home,Liverpool,Chelsea,Premier League,D 0-0,Y,71,"MF,DF",70,1.76,36
James Milner,17-01-2023,Away,Liverpool,Wolves,FA Cup,W 1-0,Y,65,DF,70,1.76,36
James Milner,22-12-2022,Away,Liverpool,Manchester City,EFL Cup,L 2-3,Y,37,DF,70,1.76,36
James Milner,12-11-2022,Home,Liverpool,Southampton,Premier League,W 3-1,N,23,"MF,DF",70,1.76,36
James Milner,01-11-2022,Home,Liverpool,Napoli,Champions League,W 2-0,Y,47,MF,70,1.76,36
James Milner,29-10-2022,Home,Liverpool,Leeds United,Premier League,L 1-2,N,12,"MF,DF",70,1.76,36
James Milner,26-10-2022,Away,Liverpool,Ajax,Champions League,W 3-0,N,20,MF,70,1.76,36
James Milner,22-10-2022,Away,Liverpool,Nott'ham Forest,Premier League,L 0-1,Y,61,"MF,DF",70,1.76,36
James Milner,19-10-2022,Home,Liverpool,West Ham,Premier League,W 1-0,N,10,"MF,DF",70,1.76,36
James Milner,16-10-2022,Home,Liverpool,Manchester City,Premier League,W 1-0,Y,90,"MF,DF",70,1.76,36
James Milner,12-10-2022,Away,Liverpool,Rangers,Champions League,W 7-1,N,12,MF,70,1.76,36
James Milner,04-10-2022,Home,Liverpool,Rangers,Champions League,W 2-0,N,11,MF,70,1.76,36
James Milner,01-10-2022,Home,Liverpool,Brighton,Premier League,D 3-3,N,33,"MF,DF",70,1.76,36
James Milner,13-09-2022,Home,Liverpool,Ajax,Champions League,W 2-1,N,1,MF,70,1.76,36
James Milner,07-09-2022,Away,Liverpool,Napoli,Champions League,L 1-4,Y,61,MF,70,1.76,36
James Milner,03-09-2022,Away,Liverpool,Everton,Premier League,D 0-0,N,32,"MF,DF",70,1.76,36
James Milner,31-08-2022,Home,Liverpool,Newcastle Utd,Premier League,W 2-1,N,20,"MF,DF",70,1.76,36
James Milner,27-08-2022,Home,Liverpool,Bournemouth,Premier League,W 9-0,N,22,"MF,DF",70,1.76,36
James Milner,22-08-2022,Away,Liverpool,Manchester Utd,Premier League,L 1-2,Y,72,"MF,DF",70,1.76,36
James Milner,15-08-2022,Home,Liverpool,Crystal Palace,Premier League,D 1-1,Y,62,"MF,DF",70,1.76,36
James Milner,06-08-2022,Away,Liverpool,Fulham,Premier League,D 2-2,N,32,"MF,DF",70,1.76,36
James Milner,30-07-2022,Neutral,Liverpool,Manchester City,FA Community Shield,W 3-1,N,17,"DF,MF",70,1.76,35
Jarell Quansah,19-05-2025,Away,Liverpool,Brighton,Premier League,L 2-3,Y,90,DF,80,1.97,21
Jarell Quansah,04-05-2025,Away,Liverpool,Chelsea,Premier League,L 1-3,Y,90,DF,80,1.97,21
Jarell Quansah,13-04-2025,Home,Liverpool,West Ham,Premier League,W 2-1,N,23,DF,80,1.97,21
Jarell Quansah,16-03-2025,Neutral,Liverpool,Newcastle Utd,EFL Cup,L 1-2,Y,90,DF,80,1.97,21
Jarell Quansah,11-03-2025,Home,Liverpool,Paris S-G,Champions League,L 0-1 (pk),N,48,DF,80,1.97,21
Jarell Quansah,08-03-2025,Home,Liverpool,Southampton,Premier League,W 3-1,N,2,DF,80,1.97,21
Jarell Quansah,26-02-2025,Home,Liverpool,Newcastle Utd,Premier League,W 2-0,N,14,DF,80,1.97,21
Jarell Quansah,23-02-2025,Away,Liverpool,Manchester City,Premier League,W 2-0,N,1,DF,80,1.97,21
Jarell Quansah,19-02-2025,Away,Liverpool,Aston Villa,Premier League,D 2-2,N,2,DF,80,1.97,21
Jarell Quansah,16-02-2025,Home,Liverpool,Wolves,Premier League,W 2-1,N,45,DF,80,1.97,21
Jarell Quansah,09-02-2025,Away,Liverpool,Plymouth Argyle,FA Cup,L 0-1,Y,90,DF,80,1.97,21
Jarell Quansah,06-02-2025,Home,Liverpool,Tottenham,EFL Cup,W 4-0,N,4,DF,80,1.97,21
Jarell Quansah,29-01-2025,Away,Liverpool,PSV Eindhoven,Champions League,L 2-3,Y,90,DF,80,1.97,21
Jarell Quansah,21-01-2025,Home,Liverpool,Lille,Champions League,W 2-1,Y,90,DF,80,1.97,21
Jarell Quansah,11-01-2025,Home,Liverpool,Acc'ton Stanley,FA Cup,W 4-0,Y,90,DF,80,1.97,21
Jarell Quansah,08-01-2025,Away,Liverpool,Tottenham,EFL Cup,L 0-1,Y,29,DF,80,1.97,21
Jarell Quansah,29-12-2024,Away,Liverpool,West Ham,Premier League,W 5-0,N,54,DF,80,1.97,21
Jarell Quansah,18-12-2024,Away,Liverpool,Southampton,EFL Cup,W 2-1,Y,90,DF,80,1.97,21
Jarell Quansah,14-12-2024,Home,Liverpool,Fulham,Premier League,D 2-2,N,21,DF,80,1.97,21
Jarell Quansah,04-12-2024,Away,Liverpool,Newcastle Utd,Premier League,D 3-3,Y,90,DF,80,1.97,21
Jarell Quansah,01-12-2024,Home,Liverpool,Manchester City,Premier League,W 2-0,N,18,DF,80,1.97,21
Jarell Quansah,05-11-2024,Home,Liverpool,Leverkusen,Champions League,W 4-0,N,3,DF,80,1.97,21
Jarell Quansah,30-10-2024,Away,Liverpool,Brighton,EFL Cup,W 3-2,Y,89,DF,80,1.97,21
Jarell Quansah,25-09-2024,Home,Liverpool,West Ham,EFL Cup,W 5-1,Y,90,DF,80,1.97,21
Jarell Quansah,17-08-2024,Away,Liverpool,Ipswich Town,Premier League,W 2-0,Y,45,DF,80,1.97,21
Jarell Quansah,19-05-2024,Home,Liverpool,Wolves,Premier League,W 2-0,Y,90,DF,80,1.97,20
Jarell Quansah,13-05-2024,Away,Liverpool,Aston Villa,Premier League,D 3-3,Y,90,DF,80,1.97,20
Jarell Quansah,05-05-2024,Home,Liverpool,Tottenham,Premier League,W 4-2,Y,90,DF,80,1.97,20
Jarell Quansah,27-04-2024,Away,Liverpool,West Ham,Premier League,D 2-2,Y,89,DF,80,1.97,20
Jarell Quansah,24-04-2024,Away,Liverpool,Everton,Premier League,L 0-2,N,28,DF,80,1.97,20
Jarell Quansah,21-04-2024,Away,Liverpool,Fulham,Premier League,W 3-1,Y,90,DF,80,1.97,20
Jarell Quansah,07-04-2024,Away,Liverpool,Manchester Utd,Premier League,D 2-2,Y,90,DF,80,1.97,20
Jarell Quansah,31-03-2024,Home,Liverpool,Brighton,Premier League,W 2-1,Y,90,DF,80,1.97,20
Jarell Quansah,17-03-2024,Away,Liverpool,Manchester Utd,FA Cup,L 3-4 (aet),Y,120,DF,80,1.97,20
Jarell Quansah,14-03-2024,Home,Liverpool,Sparta Prague,Europa League,W 6-1,Y,65,DF,80,1.97,20
Jarell Quansah,10-03-2024,Home,Liverpool,Manchester City,Premier League,D 1-1,Y,90,DF,80,1.97,20
Jarell Quansah,07-03-2024,Away,Liverpool,Sparta Prague,Europa League,W 5-1,Y,90,DF,80,1.97,20
Jarell Quansah,28-02-2024,Home,Liverpool,Southampton,FA Cup,W 3-0,Y,90,DF,80,1.97,20
Jarell Quansah,25-02-2024,Away,Liverpool,Chelsea,EFL Cup,W 1-0 (aet),N,16,DF,80,1.97,20
Jarell Quansah,21-02-2024,Home,Liverpool,Luton Town,Premier League,W 4-1,Y,90,DF,80,1.97,20
Jarell Quansah,10-02-2024,Home,Liverpool,Burnley,Premier League,W 3-1,Y,90,DF,80,1.97,20
Jarell Quansah,28-01-2024,Home,Liverpool,Norwich City,FA Cup,W 5-2,Y,90,DF,80,1.97,20
Jarell Quansah,24-01-2024,Away,Liverpool,Fulham,EFL Cup,D 1-1,Y,90,DF,80,1.97,20
Jarell Quansah,07-01-2024,Away,Liverpool,Arsenal,FA Cup,W 2-0,Y,90,DF,80,1.97,20
Jarell Quansah,26-12-2023,Away,Liverpool,Burnley,Premier League,W 2-0,Y,90,DF,80,1.97,20
Jarell Quansah,20-12-2023,Home,Liverpool,West Ham,EFL Cup,W 5-1,Y,90,DF,80,1.97,20
Jarell Quansah,14-12-2023,Away,Liverpool,Union SG,Europa League,L 1-2,Y,90,DF,80,1.97,20
Jarell Quansah,09-12-2023,Away,Liverpool,Crystal Palace,Premier League,W 2-1,Y,56,DF,80,1.97,20
Jarell Quansah,30-11-2023,Home,Liverpool,LASK,Europa League,W 4-0,Y,90,DF,80,1.97,20
Jarell Quansah,12-11-2023,Home,Liverpool,Brentford,Premier League,W 3-0,N,1,DF,80,1.97,20
Jarell Quansah,09-11-2023,Away,Liverpool,Toulouse,Europa League,L 2-3,Y,90,DF,80,1.97,20
Jarell Quansah,01-11-2023,Away,Liverpool,Bournemouth,EFL Cup,W 2-1,Y,90,DF,80,1.97,20
Jarell Quansah,26-10-2023,Home,Liverpool,Toulouse,Europa League,W 5-1,N,24,DF,80,1.97,20
Jarell Quansah,05-10-2023,Home,Liverpool,Union SG,Europa League,W 2-0,Y,90,DF,80,1.97,20
Jarell Quansah,27-09-2023,Home,Liverpool,Leicester City,EFL Cup,W 3-1,Y,90,DF,80,1.97,20
Jarell Quansah,16-09-2023,Away,Liverpool,Wolves,Premier League,W 3-1,Y,82,DF,80,1.97,20
Jarell Quansah,03-09-2023,Home,Liverpool,Aston Villa,Premier League,W 3-0,N,20,DF,80,1.97,20
Jarell Quansah,27-08-2023,Away,Liverpool,Newcastle Utd,Premier League,W 2-1,N,14,DF,80,1.97,20
Jayden Danns,29-01-2025,Away,Liverpool,PSV Eindhoven,Champions League,L 2-3,Y,82,FW,67,1.83,18
Jayden Danns,25-01-2025,Home,Liverpool,Ipswich Town,Premier League,W 4-1,N,11,MF,67,1.83,18
Jayden Danns,11-01-2025,Home,Liverpool,Acc'ton Stanley,FA Cup,W 4-0,N,19,FW,67,1.83,18
Jayden Danns,18-12-2024,Away,Liverpool,Southampton,EFL Cup,W 2-1,N,5,FW,67,1.83,18
Jayden Danns,18-04-2024,Away,Liverpool,Atalanta,Europa League,W 1-0,N,12,DF,67,1.83,17
Jayden Danns,02-03-2024,Away,Liverpool,Nott'ham Forest,Premier League,W 1-0,N,7,FW,67,1.83,17
Jayden Danns,28-02-2024,Home,Liverpool,Southampton,FA Cup,W 3-0,N,28,FW,67,1.83,17
Jayden Danns,25-02-2024,Away,Liverpool,Chelsea,EFL Cup,W 1-0 (aet),N,34,FW,67,1.83,17
Jayden Danns,21-02-2024,Home,Liverpool,Luton Town,Premier League,W 4-1,N,2,FW,67,1.83,17
Joe Gomez,09-02-2025,Away,Liverpool,Plymouth Argyle,FA Cup,L 0-1,Y,10,DF,77,1.88,27
Joe Gomez,29-12-2024,Away,Liverpool,West Ham,Premier League,W 5-0,Y,36,DF,77,1.88,27
Joe Gomez,26-12-2024,Home,Liverpool,Leicester City,Premier League,W 3-1,Y,90,DF,77,1.88,27
Joe Gomez,22-12-2024,Away,Liverpool,Tottenham,Premier League,W 6-3,Y,90,DF,77,1.88,27
Joe Gomez,18-12-2024,Away,Liverpool,Southampton,EFL Cup,W 2-1,Y,45,DF,77,1.88,27
Joe Gomez,14-12-2024,Home,Liverpool,Fulham,Premier League,D 2-2,Y,90,DF,77,1.88,27
Joe Gomez,10-12-2024,Away,Liverpool,Girona,Champions League,W 1-0,Y,90,DF,77,1.88,27
Joe Gomez,04-12-2024,Away,Liverpool,Newcastle Utd,Premier League,D 3-3,Y,66,DF,77,1.88,27
Joe Gomez,01-12-2024,Home,Liverpool,Manchester City,Premier League,W 2-0,Y,90,DF,77,1.88,27
Joe Gomez,27-11-2024,Home,Liverpool,Real Madrid,Champions League,W 2-0,N,4,DF,77,1.88,27
Joe Gomez,02-11-2024,Home,Liverpool,Brighton,Premier League,W 2-1,N,45,DF,77,1.88,27
Joe Gomez,30-10-2024,Away,Liverpool,Brighton,EFL Cup,W 3-2,Y,90,DF,77,1.88,27
Joe Gomez,23-10-2024,Away,Liverpool,RB Leipzig,Champions League,W 1-0,N,16,DF,77,1.88,27
Joe Gomez,20-10-2024,Home,Liverpool,Chelsea,Premier League,W 2-1,N,10,DF,77,1.88,27
Joe Gomez,28-09-2024,Away,Liverpool,Wolves,Premier League,W 2-1,N,2,DF,77,1.88,27
Joe Gomez,25-09-2024,Home,Liverpool,West Ham,EFL Cup,W 5-1,Y,90,DF,77,1.88,27
Joe Gomez,17-09-2024,Away,Liverpool,Milan,Champions League,W 3-1,N,12,DF,77,1.88,27
Joe Gomez,13-05-2024,Away,Liverpool,Aston Villa,Premier League,D 3-3,Y,90,DF,77,1.88,26
Joe Gomez,05-05-2024,Home,Liverpool,Tottenham,Premier League,W 4-2,N,27,DF,77,1.88,26
Joe Gomez,27-04-2024,Away,Liverpool,West Ham,Premier League,D 2-2,N,12,DF,77,1.88,26
Joe Gomez,24-04-2024,Away,Liverpool,Everton,Premier League,L 0-2,N,7,DF,77,1.88,26
Joe Gomez,21-04-2024,Away,Liverpool,Fulham,Premier League,W 3-1,N,11,DF,77,1.88,26
Joe Gomez,18-04-2024,Away,Liverpool,Atalanta,Europa League,W 1-0,N,19,DF,77,1.88,26
Joe Gomez,11-04-2024,Home,Liverpool,Atalanta,Europa League,L 0-3,Y,90,DF,77,1.88,26
Joe Gomez,07-04-2024,Away,Liverpool,Manchester Utd,Premier League,D 2-2,N,25,DF,77,1.88,26
Joe Gomez,04-04-2024,Home,Liverpool,Sheffield Utd,Premier League,W 3-1,Y,72,DF,77,1.88,26
Joe Gomez,31-03-2024,Home,Liverpool,Brighton,Premier League,W 2-1,Y,90,DF,77,1.88,26
Joe Gomez,17-03-2024,Away,Liverpool,Manchester Utd,FA Cup,L 3-4 (aet),Y,100,"DF,MF",77,1.88,26
Joe Gomez,14-03-2024,Home,Liverpool,Sparta Prague,Europa League,W 6-1,Y,45,DF,77,1.88,26
Joe Gomez,10-03-2024,Home,Liverpool,Manchester City,Premier League,D 1-1,Y,90,DF,77,1.88,26
Joe Gomez,07-03-2024,Away,Liverpool,Sparta Prague,Europa League,W 5-1,Y,45,DF,77,1.88,26
Joe Gomez,02-03-2024,Away,Liverpool,Nott'ham Forest,Premier League,W 1-0,Y,90,DF,77,1.88,26
Joe Gomez,28-02-2024,Home,Liverpool,Southampton,FA Cup,W 3-0,Y,90,"DF,MF",77,1.88,26
Joe Gomez,25-02-2024,Away,Liverpool,Chelsea,EFL Cup,W 1-0 (aet),N,93,DF,77,1.88,26
Joe Gomez,21-02-2024,Home,Liverpool,Luton Town,Premier League,W 4-1,Y,90,DF,77,1.88,26
Joe Gomez,17-02-2024,Away,Liverpool,Brentford,Premier League,W 4-1,N,8,DF,77,1.88,26
Joe Gomez,04-02-2024,Away,Liverpool,Arsenal,Premier League,L 1-3,Y,84,DF,77,1.88,26
Joe Gomez,31-01-2024,Home,Liverpool,Chelsea,Premier League,W 4-1,Y,68,DF,77,1.88,26
Joe Gomez,28-01-2024,Home,Liverpool,Norwich City,FA Cup,W 5-2,Y,54,"DF,MF",77,1.88,26
Joe Gomez,24-01-2024,Away,Liverpool,Fulham,EFL Cup,D 1-1,Y,90,DF,77,1.88,26
Joe Gomez,21-01-2024,Away,Liverpool,Bournemouth,Premier League,W 4-0,Y,90,DF,77,1.88,26
Joe Gomez,10-01-2024,Home,Liverpool,Fulham,EFL Cup,W 2-1,Y,90,DF,77,1.88,26
Joe Gomez,07-01-2024,Away,Liverpool,Arsenal,FA Cup,W 2-0,Y,90,"DF,MF",77,1.88,26
Joe Gomez,01-01-2024,Home,Liverpool,Newcastle Utd,Premier League,W 4-2,Y,90,DF,77,1.88,26
Joe Gomez,26-12-2023,Away,Liverpool,Burnley,Premier League,W 2-0,Y,90,DF,77,1.88,26
Joe Gomez,23-12-2023,Home,Liverpool,Arsenal,Premier League,D 1-1,N,56,DF,77,1.88,26
Joe Gomez,20-12-2023,Home,Liverpool,West Ham,EFL Cup,W 5-1,Y,90,DF,77,1.88,26
Joe Gomez,17-12-2023,Home,Liverpool,Manchester Utd,Premier League,D 0-0,N,30,DF,77,1.88,26
Joe Gomez,14-12-2023,Away,Liverpool,Union SG,Europa League,L 1-2,N,45,DF,77,1.88,26
Joe Gomez,09-12-2023,Away,Liverpool,Crystal Palace,Premier League,W 2-1,N,45,DF,77,1.88,26
Joe Gomez,06-12-2023,Away,Liverpool,Sheffield Utd,Premier League,W 2-0,Y,90,DF,77,1.88,26
Joe Gomez,03-12-2023,Home,Liverpool,Fulham,Premier League,W 4-3,N,26,DF,77,1.88,26
Joe Gomez,30-11-2023,Home,Liverpool,LASK,Europa League,W 4-0,Y,90,DF,77,1.88,26
Joe Gomez,09-11-2023,Away,Liverpool,Toulouse,Europa League,L 2-3,Y,90,DF,77,1.88,26
Joe Gomez,05-11-2023,Away,Liverpool,Luton Town,Premier League,D 1-1,Y,66,DF,77,1.88,26
Joe Gomez,01-11-2023,Away,Liverpool,Bournemouth,EFL Cup,W 2-1,Y,90,DF,77,1.88,26
Joe Gomez,29-10-2023,Home,Liverpool,Nott'ham Forest,Premier League,W 3-0,N,2,DF,77,1.88,26
Joe Gomez,26-10-2023,Home,Liverpool,Toulouse,Europa League,W 5-1,Y,90,DF,77,1.88,26
Joe Gomez,21-10-2023,Home,Liverpool,Everton,Premier League,W 2-0,N,10,DF,77,1.88,26
Joe Gomez,08-10-2023,Away,Liverpool,Brighton,Premier League,D 2-2,N,11,DF,77,1.88,26
Joe Gomez,05-10-2023,Home,Liverpool,Union SG,Europa League,W 2-0,N,28,DF,77,1.88,26
Joe Gomez,30-09-2023,Away,Liverpool,Tottenham,Premier League,L 1-2,Y,72,DF,77,1.88,26
Joe Gomez,24-09-2023,Home,Liverpool,West Ham,Premier League,W 3-1,Y,90,DF,77,1.88,26
Joe Gomez,21-09-2023,Away,Liverpool,LASK,Europa League,W 3-1,N,30,DF,77,1.88,26
Joe Gomez,16-09-2023,Away,Liverpool,Wolves,Premier League,W 3-1,Y,90,DF,77,1.88,26
Joe Gomez,03-09-2023,Home,Liverpool,Aston Villa,Premier League,W 3-0,Y,90,DF,77,1.88,26
Joe Gomez,27-08-2023,Away,Liverpool,Newcastle Utd,Premier League,W 2-1,N,58,DF,77,1.88,26
Joe Gomez,19-08-2023,Home,Liverpool,Bournemouth,Premier League,W 3-1,N,16,DF,77,1.88,26
Joe Gomez,28-05-2023,Away,Liverpool,Southampton,Premier League,D 4-4,Y,90,DF,77,1.88,25
Joe Gomez,04-04-2023,Away,Liverpool,Chelsea,Premier League,D 0-0,Y,90,DF,77,1.88,25
Joe Gomez,21-02-2023,Home,Liverpool,Real Madrid,Champions League,L 2-5,Y,72,DF,77,1.88,25
Joe Gomez,18-02-2023,Away,Liverpool,Newcastle Utd,Premier League,W 2-0,Y,90,DF,77,1.88,25
Joe Gomez,13-02-2023,Home,Liverpool,Everton,Premier League,W 2-0,Y,90,DF,77,1.88,25
Joe Gomez,04-02-2023,Away,Liverpool,Wolves,Premier League,L 0-3,Y,90,DF,77,1.88,25
Joe Gomez,29-01-2023,Away,Liverpool,Brighton,FA Cup,L 1-2,Y,90,DF,77,1.88,25
Joe Gomez,21-01-2023,Home,Liverpool,Chelsea,Premier League,D 0-0,Y,90,DF,77,1.88,25
Joe Gomez,17-01-2023,Away,Liverpool,Wolves,FA Cup,W 1-0,Y,90,DF,77,1.88,25
Joe Gomez,14-01-2023,Away,Liverpool,Brighton,Premier League,L 0-3,N,22,DF,77,1.88,25
Joe Gomez,07-01-2023,Home,Liverpool,Wolves,FA Cup,D 2-2,N,6,DF,77,1.88,25
Joe Gomez,30-12-2022,Home,Liverpool,Leicester City,Premier League,W 2-1,N,5,DF,77,1.88,25
Joe Gomez,26-12-2022,Away,Liverpool,Aston Villa,Premier League,W 3-1,N,12,DF,77,1.88,25
Joe Gomez,22-12-2022,Away,Liverpool,Manchester City,EFL Cup,L 2-3,Y,90,DF,77,1.88,25
Joe Gomez,12-11-2022,Home,Liverpool,Southampton,Premier League,W 3-1,Y,90,DF,77,1.88,25
Joe Gomez,09-11-2022,Home,Liverpool,Derby County,EFL Cup,D 0-0 (pk),Y,120,DF,77,1.88,25
Joe Gomez,06-11-2022,Away,Liverpool,Tottenham,Premier League,W 2-1,N,4,DF,77,1.88,25
Joe Gomez,29-10-2022,Home,Liverpool,Leeds United,Premier League,L 1-2,Y,90,DF,77,1.88,25
Joe Gomez,26-10-2022,Away,Liverpool,Ajax,Champions League,W 3-0,Y,90,DF,77,1.88,25
Joe Gomez,22-10-2022,Away,Liverpool,Nott'ham Forest,Premier League,L 0-1,Y,90,DF,77,1.88,25
Joe Gomez,19-10-2022,Home,Liverpool,West Ham,Premier League,W 1-0,Y,90,DF,77,1.88,25
Joe Gomez,16-10-2022,Home,Liverpool,Manchester City,Premier League,W 1-0,Y,90,DF,77,1.88,25
Joe Gomez,12-10-2022,Away,Liverpool,Rangers,Champions League,W 7-1,Y,90,DF,77,1.88,25
Joe Gomez,09-10-2022,Away,Liverpool,Arsenal,Premier League,L 2-3,N,45,DF,77,1.88,25
Joe Gomez,04-10-2022,Home,Liverpool,Rangers,Champions League,W 2-0,N,1,DF,77,1.88,25
Joe Gomez,07-09-2022,Away,Liverpool,Napoli,Champions League,L 1-4,Y,45,DF,77,1.88,25
Joe Gomez,03-09-2022,Away,Liverpool,Everton,Premier League,D 0-0,Y,90,DF,77,1.88,25
Joe Gomez,31-08-2022,Home,Liverpool,Newcastle Utd,Premier League,W 2-1,Y,90,DF,77,1.88,25
Joe Gomez,27-08-2022,Home,Liverpool,Bournemouth,Premier League,W 9-0,Y,90,DF,77,1.88,25
Joe Gomez,22-08-2022,Away,Liverpool,Manchester Utd,Premier League,L 1-2,Y,90,DF,77,1.88,25
Joe Gomez,15-08-2022,Home,Liverpool,Crystal Palace,Premier League,D 1-1,N,28,DF,77,1.88,25
Joel Matip,03-12-2023,Home,Liverpool,Fulham,Premier League,W 4-3,Y,68,DF,90,1.95,31
Joel Matip,25-11-2023,Away,Liverpool,Manchester City,Premier League,D 1-1,Y,90,DF,90,1.95,31
Joel Matip,12-11-2023,Home,Liverpool,Brentford,Premier League,W 3-0,Y,90,DF,90,1.95,31
Joel Matip,09-11-2023,Away,Liverpool,Toulouse,Europa League,L 2-3,Y,90,DF,90,1.95,31
Joel Matip,01-11-2023,Away,Liverpool,Bournemouth,EFL Cup,W 2-1,Y,90,DF,90,1.95,31
Joel Matip,26-10-2023,Home,Liverpool,Toulouse,Europa League,W 5-1,Y,90,DF,90,1.95,31
Joel Matip,21-10-2023,Home,Liverpool,Everton,Premier League,W 2-0,N,25,DF,90,1.95,31
Joel Matip,08-10-2023,Away,Liverpool,Brighton,Premier League,D 2-2,Y,72,DF,90,1.95,31
Joel Matip,30-09-2023,Away,Liverpool,Tottenham,Premier League,L 1-2,Y,90,DF,90,1.95,31
Joel Matip,24-09-2023,Home,Liverpool,West Ham,Premier League,W 3-1,Y,90,DF,90,1.95,31
Joel Matip,21-09-2023,Away,Liverpool,LASK,Europa League,W 3-1,N,9,DF,90,1.95,31
Joel Matip,16-09-2023,Away,Liverpool,Wolves,Premier League,W 3-1,Y,90,DF,90,1.95,31
Joel Matip,03-09-2023,Home,Liverpool,Aston Villa,Premier League,W 3-0,Y,90,DF,90,1.95,31
Joel Matip,27-08-2023,Away,Liverpool,Newcastle Utd,Premier League,W 2-1,Y,76,DF,90,1.95,31
Joel Matip,28-05-2023,Away,Liverpool,Southampton,Premier League,D 4-4,Y,90,DF,90,1.95,30
Joel Matip,26-04-2023,Away,Liverpool,West Ham,Premier League,W 2-1,Y,90,DF,90,1.95,30
Joel Matip,04-04-2023,Away,Liverpool,Chelsea,Premier League,D 0-0,Y,90,DF,90,1.95,30
Joel Matip,25-02-2023,Away,Liverpool,Crystal Palace,Premier League,D 0-0,Y,90,DF,90,1.95,30
Joel Matip,21-02-2023,Home,Liverpool,Real Madrid,Champions League,L 2-5,N,18,DF,90,1.95,30
Joel Matip,13-02-2023,Home,Liverpool,Everton,Premier League,W 2-0,Y,90,DF,90,1.95,30
Joel Matip,04-02-2023,Away,Liverpool,Wolves,Premier League,L 0-3,Y,90,DF,90,1.95,30
Joel Matip,14-01-2023,Away,Liverpool,Brighton,Premier League,L 0-3,Y,68,DF,90,1.95,30
Joel Matip,07-01-2023,Home,Liverpool,Wolves,FA Cup,D 2-2,Y,90,DF,90,1.95,30
Joel Matip,02-01-2023,Away,Liverpool,Brentford,Premier League,L 1-3,N,45,DF,90,1.95,30
Joel Matip,30-12-2022,Home,Liverpool,Leicester City,Premier League,W 2-1,Y,90,DF,90,1.95,30
Joel Matip,26-12-2022,Away,Liverpool,Aston Villa,Premier League,W 3-1,Y,90,DF,90,1.95,30
Joel Matip,22-12-2022,Away,Liverpool,Manchester City,EFL Cup,L 2-3,Y,90,DF,90,1.95,30
Joel Matip,09-10-2022,Away,Liverpool,Arsenal,Premier League,L 2-3,Y,68,DF,90,1.95,30
Joel Matip,04-10-2022,Home,Liverpool,Rangers,Champions League,W 2-0,Y,90,DF,90,1.95,30
Joel Matip,01-10-2022,Home,Liverpool,Brighton,Premier League,D 3-3,Y,90,DF,90,1.95,30
Joel Matip,13-09-2022,Home,Liverpool,Ajax,Champions League,W 2-1,Y,90,DF,90,1.95,30
Joel Matip,07-09-2022,Away,Liverpool,Napoli,Champions League,L 1-4,N,45,DF,90,1.95,30
Joel Matip,03-09-2022,Away,Liverpool,Everton,Premier League,D 0-0,N,11,DF,90,1.95,30
Joel Matip,06-08-2022,Away,Liverpool,Fulham,Premier League,D 2-2,Y,90,DF,90,1.95,30
Joel Matip,30-07-2022,Neutral,Liverpool,Manchester City,FA Community Shield,W 3-1,Y,90,DF,90,1.95,29
Jordan Henderson,28-05-2023,Away,Liverpool,Southampton,Premier League,D 4-4,N,34,MF,67,1.82,32
Jordan Henderson,20-05-2023,Home,Liverpool,Aston Villa,Premier League,D 1-1,Y,71,MF,67,1.82,32
Jordan Henderson,15-05-2023,Away,Liverpool,Leicester City,Premier League,W 3-0,Y,73,MF,67,1.82,32
Jordan Henderson,06-05-2023,Home,Liverpool,Brentford,Premier League,W 1-0,N,18,MF,67,1.82,32
Jordan Henderson,03-05-2023,Home,Liverpool,Fulham,Premier League,W 1-0,Y,90,MF,67,1.82,32
Jordan Henderson,30-04-2023,Home,Liverpool,Tottenham,Premier League,W 4-3,N,28,MF,67,1.82,32
Jordan Henderson,26-04-2023,Away,Liverpool,West Ham,Premier League,W 2-1,Y,58,MF,67,1.82,32
Jordan Henderson,22-04-2023,Home,Liverpool,Nott'ham Forest,Premier League,W 3-2,Y,90,MF,67,1.82,32
Jordan Henderson,17-04-2023,Away,Liverpool,Leeds United,Premier League,W 6-1,Y,81,MF,67,1.82,32
Jordan Henderson,09-04-2023,Home,Liverpool,Arsenal,Premier League,D 2-2,Y,90,MF,67,1.82,32
Jordan Henderson,04-04-2023,Away,Liverpool,Chelsea,Premier League,D 0-0,Y,90,MF,67,1.82,32
Jordan Henderson,01-04-2023,Away,Liverpool,Manchester City,Premier League,L 1-4,Y,90,MF,67,1.82,32
Jordan Henderson,11-03-2023,Away,Liverpool,Bournemouth,Premier League,L 0-1,N,26,MF,67,1.82,32
Jordan Henderson,05-03-2023,Home,Liverpool,Manchester Utd,Premier League,W 7-0,Y,77,MF,67,1.82,32
Jordan Henderson,01-03-2023,Home,Liverpool,Wolves,Premier League,W 2-0,N,12,MF,67,1.82,32
Jordan Henderson,25-02-2023,Away,Liverpool,Crystal Palace,Premier League,D 0-0,Y,90,MF,67,1.82,32
Jordan Henderson,21-02-2023,Home,Liverpool,Real Madrid,Champions League,L 2-5,Y,72,MF,67,1.82,32
Jordan Henderson,18-02-2023,Away,Liverpool,Newcastle Utd,Premier League,W 2-0,Y,58,MF,67,1.82,32
Jordan Henderson,13-02-2023,Home,Liverpool,Everton,Premier League,W 2-0,Y,79,MF,67,1.82,32
Jordan Henderson,04-02-2023,Away,Liverpool,Wolves,Premier League,L 0-3,N,26,MF,67,1.82,32
Jordan Henderson,29-01-2023,Away,Liverpool,Brighton,FA Cup,L 1-2,N,32,MF,67,1.82,32
Jordan Henderson,21-01-2023,Home,Liverpool,Chelsea,Premier League,D 0-0,N,9,MF,67,1.82,32
Jordan Henderson,14-01-2023,Away,Liverpool,Brighton,Premier League,L 0-3,Y,68,MF,67,1.82,32
Jordan Henderson,07-01-2023,Home,Liverpool,Wolves,FA Cup,D 2-2,Y,67,MF,67,1.82,32
Jordan Henderson,30-12-2022,Home,Liverpool,Leicester City,Premier League,W 2-1,Y,90,MF,67,1.82,32
Jordan Henderson,26-12-2022,Away,Liverpool,Aston Villa,Premier League,W 3-1,Y,78,MF,67,1.82,32
Jordan Henderson,22-12-2022,Away,Liverpool,Manchester City,EFL Cup,L 2-3,N,34,MF,67,1.82,32
Jordan Henderson,06-11-2022,Away,Liverpool,Tottenham,Premier League,W 2-1,N,17,MF,67,1.82,32
Jordan Henderson,29-10-2022,Home,Liverpool,Leeds United,Premier League,L 1-2,N,31,MF,67,1.82,32
Jordan Henderson,26-10-2022,Away,Liverpool,Ajax,Champions League,W 3-0,Y,70,MF,67,1.82,32
Jordan Henderson,22-10-2022,Away,Liverpool,Nott'ham Forest,Premier League,L 0-1,N,29,MF,67,1.82,32
Jordan Henderson,19-10-2022,Home,Liverpool,West Ham,Premier League,W 1-0,Y,90,MF,67,1.82,32
Jordan Henderson,16-10-2022,Home,Liverpool,Manchester City,Premier League,W 1-0,N,18,MF,67,1.82,32
Jordan Henderson,12-10-2022,Away,Liverpool,Rangers,Champions League,W 7-1,Y,67,MF,67,1.82,32
Jordan Henderson,09-10-2022,Away,Liverpool,Arsenal,Premier League,L 2-3,Y,90,MF,67,1.82,32
Jordan Henderson,04-10-2022,Home,Liverpool,Rangers,Champions League,W 2-0,Y,68,MF,67,1.82,32
Jordan Henderson,01-10-2022,Home,Liverpool,Brighton,Premier League,D 3-3,Y,58,MF,67,1.82,32
Jordan Henderson,31-08-2022,Home,Liverpool,Newcastle Utd,Premier League,W 2-1,Y,70,MF,67,1.82,32
Jordan Henderson,27-08-2022,Home,Liverpool,Bournemouth,Premier League,W 9-0,Y,69,MF,67,1.82,32
Jordan Henderson,22-08-2022,Away,Liverpool,Manchester Utd,Premier League,L 1-2,Y,58,MF,67,1.82,32
Jordan Henderson,15-08-2022,Home,Liverpool,Crystal Palace,Premier League,D 1-1,N,28,MF,67,1.82,32
Jordan Henderson,06-08-2022,Away,Liverpool,Fulham,Premier League,D 2-2,Y,90,MF,67,1.82,32
Jordan Henderson,30-07-2022,Neutral,Liverpool,Manchester City,FA Community Shield,W 3-1,Y,72,MF,67,1.82,31
Kaide Gordon,28-02-2024,Home,Liverpool,Southampton,FA Cup,W 3-0,N,1,FW,64,1.79,18
Kaide Gordon,21-01-2024,Away,Liverpool,Bournemouth,Premier League,W 4-0,N,1,FW,64,1.79,18
Kaide Gordon,14-12-2023,Away,Liverpool,Union SG,Europa League,L 1-2,Y,74,FW,64,1.79,18
Kostas Tsimikas,19-05-2025,Away,Liverpool,Brighton,Premier League,L 2-3,Y,90,DF,70,1.77,28
Kostas Tsimikas,04-05-2025,Away,Liverpool,Chelsea,Premier League,L 1-3,Y,81,DF,70,1.77,28
Kostas Tsimikas,20-04-2025,Away,Liverpool,Leicester City,Premier League,W 1-0,Y,90,DF,70,1.77,28
Kostas Tsimikas,13-04-2025,Home,Liverpool,West Ham,Premier League,W 2-1,Y,59,DF,70,1.77,28
Kostas Tsimikas,08-03-2025,Home,Liverpool,Southampton,Premier League,W 3-1,Y,45,DF,70,1.77,28
Kostas Tsimikas,26-02-2025,Home,Liverpool,Newcastle Utd,Premier League,W 2-0,Y,90,DF,70,1.77,28
Kostas Tsimikas,23-02-2025,Away,Liverpool,Manchester City,Premier League,W 2-0,N,17,DF,70,1.77,28
Kostas Tsimikas,12-02-2025,Away,Liverpool,Everton,Premier League,D 2-2,N,22,DF,70,1.77,28
Kostas Tsimikas,09-02-2025,Away,Liverpool,Plymouth Argyle,FA Cup,L 0-1,Y,90,DF,70,1.77,28
Kostas Tsimikas,29-01-2025,Away,Liverpool,PSV Eindhoven,Champions League,L 2-3,Y,90,DF,70,1.77,28
Kostas Tsimikas,21-01-2025,Home,Liverpool,Lille,Champions League,W 2-1,Y,90,DF,70,1.77,28
Kostas Tsimikas,18-01-2025,Away,Liverpool,Brentford,Premier League,W 2-0,Y,64,DF,70,1.77,28
Kostas Tsimikas,14-01-2025,Away,Liverpool,Nott'ham Forest,Premier League,D 1-1,N,26,DF,70,1.77,28
Kostas Tsimikas,11-01-2025,Home,Liverpool,Acc'ton Stanley,FA Cup,W 4-0,Y,90,DF,70,1.77,28
Kostas Tsimikas,08-01-2025,Away,Liverpool,Tottenham,EFL Cup,L 0-1,Y,90,DF,70,1.77,28
Kostas Tsimikas,29-12-2024,Away,Liverpool,West Ham,Premier League,W 5-0,N,17,DF,70,1.77,28
Kostas Tsimikas,26-12-2024,Home,Liverpool,Leicester City,Premier League,W 3-1,N,4,DF,70,1.77,28
Kostas Tsimikas,18-12-2024,Away,Liverpool,Southampton,EFL Cup,W 2-1,N,45,DF,70,1.77,28
Kostas Tsimikas,05-11-2024,Home,Liverpool,Leverkusen,Champions League,W 4-0,Y,80,DF,70,1.77,28
Kostas Tsimikas,02-11-2024,Home,Liverpool,Brighton,Premier League,W 2-1,Y,90,DF,70,1.77,28
Kostas Tsimikas,27-10-2024,Away,Liverpool,Arsenal,Premier League,D 2-2,N,28,DF,70,1.77,28
Kostas Tsimikas,23-10-2024,Away,Liverpool,RB Leipzig,Champions League,W 1-0,Y,74,DF,70,1.77,28
Kostas Tsimikas,05-10-2024,Away,Liverpool,Crystal Palace,Premier League,W 1-0,Y,78,DF,70,1.77,28
Kostas Tsimikas,02-10-2024,Home,Liverpool,Bologna,Champions League,W 2-0,N,19,DF,70,1.77,28
Kostas Tsimikas,25-09-2024,Home,Liverpool,West Ham,EFL Cup,W 5-1,Y,81,DF,70,1.77,28
Kostas Tsimikas,17-09-2024,Away,Liverpool,Milan,Champions League,W 3-1,Y,90,DF,70,1.77,28
Kostas Tsimikas,14-09-2024,Home,Liverpool,Nott'ham Forest,Premier League,L 0-1,N,16,DF,70,1.77,28
Kostas Tsimikas,01-09-2024,Away,Liverpool,Manchester Utd,Premier League,W 3-0,N,8,DF,70,1.77,28
Kostas Tsimikas,17-08-2024,Away,Liverpool,Ipswich Town,Premier League,W 2-0,N,12,DF,70,1.77,28
Kostas Tsimikas,24-04-2024,Away,Liverpool,Everton,Premier League,L 0-2,N,7,DF,70,1.77,27
Kostas Tsimikas,11-04-2024,Home,Liverpool,Atalanta,Europa League,L 0-3,Y,45,DF,70,1.77,27
Kostas Tsimikas,17-03-2024,Away,Liverpool,Manchester Utd,FA Cup,L 3-4 (aet),N,20,DF,70,1.77,27
Kostas Tsimikas,14-03-2024,Home,Liverpool,Sparta Prague,Europa League,W 6-1,N,45,DF,70,1.77,27
Kostas Tsimikas,02-03-2024,Away,Liverpool,Nott'ham Forest,Premier League,W 1-0,N,7,DF,70,1.77,27
Kostas Tsimikas,28-02-2024,Home,Liverpool,Southampton,FA Cup,W 3-0,Y,90,DF,70,1.77,27
Kostas Tsimikas,25-02-2024,Away,Liverpool,Chelsea,EFL Cup,W 1-0 (aet),N,34,DF,70,1.77,27
Kostas Tsimikas,10-02-2024,Home,Liverpool,Burnley,Premier League,W 3-1,N,1,DF,70,1.77,27
Kostas Tsimikas,23-12-2023,Home,Liverpool,Arsenal,Premier League,D 1-1,Y,34,DF,70,1.77,27
Kostas Tsimikas,20-12-2023,Home,Liverpool,West Ham,EFL Cup,W 5-1,Y,68,DF,70,1.77,27
Kostas Tsimikas,17-12-2023,Home,Liverpool,Manchester Utd,Premier League,D 0-0,Y,90,DF,70,1.77,27
Kostas Tsimikas,09-12-2023,Away,Liverpool,Crystal Palace,Premier League,W 2-1,Y,90,DF,70,1.77,27
Kostas Tsimikas,03-12-2023,Home,Liverpool,Fulham,Premier League,W 4-3,Y,90,DF,70,1.77,27
Kostas Tsimikas,30-11-2023,Home,Liverpool,LASK,Europa League,W 4-0,Y,81,DF,70,1.77,27
Kostas Tsimikas,25-11-2023,Away,Liverpool,Manchester City,Premier League,D 1-1,Y,90,DF,70,1.77,27
Kostas Tsimikas,12-11-2023,Home,Liverpool,Brentford,Premier League,W 3-0,Y,90,DF,70,1.77,27
Kostas Tsimikas,09-11-2023,Away,Liverpool,Toulouse,Europa League,L 2-3,Y,45,DF,70,1.77,27
Kostas Tsimikas,05-11-2023,Away,Liverpool,Luton Town,Premier League,D 1-1,N,24,DF,70,1.77,27
Kostas Tsimikas,01-11-2023,Away,Liverpool,Bournemouth,EFL Cup,W 2-1,Y,90,DF,70,1.77,27
Kostas Tsimikas,29-10-2023,Home,Liverpool,Nott'ham Forest,Premier League,W 3-0,Y,90,DF,70,1.77,27
Kostas Tsimikas,21-10-2023,Home,Liverpool,Everton,Premier League,W 2-0,Y,61,DF,70,1.77,27
Kostas Tsimikas,05-10-2023,Home,Liverpool,Union SG,Europa League,W 2-0,Y,90,DF,70,1.77,27
Kostas Tsimikas,27-09-2023,Home,Liverpool,Leicester City,EFL Cup,W 3-1,Y,89,DF,70,1.77,27
Kostas Tsimikas,21-09-2023,Away,Liverpool,LASK,Europa League,W 3-1,Y,90,DF,70,1.77,27
Kostas Tsimikas,19-08-2023,Home,Liverpool,Bournemouth,Premier League,W 3-1,N,5,DF,70,1.77,27
Kostas Tsimikas,28-05-2023,Away,Liverpool,Southampton,Premier League,D 4-4,Y,56,DF,70,1.77,26
Kostas Tsimikas,20-05-2023,Home,Liverpool,Aston Villa,Premier League,D 1-1,N,19,DF,70,1.77,26
Kostas Tsimikas,06-05-2023,Home,Liverpool,Brentford,Premier League,W 1-0,N,9,DF,70,1.77,26
Kostas Tsimikas,03-05-2023,Home,Liverpool,Fulham,Premier League,W 1-0,Y,65,DF,70,1.77,26
Kostas Tsimikas,04-04-2023,Away,Liverpool,Chelsea,Premier League,D 0-0,Y,65,DF,70,1.77,26
Kostas Tsimikas,01-04-2023,Away,Liverpool,Manchester City,Premier League,L 1-4,N,21,DF,70,1.77,26
Kostas Tsimikas,15-03-2023,Away,Liverpool,Real Madrid,Champions League,L 0-1,N,1,DF,70,1.77,26
Kostas Tsimikas,01-03-2023,Home,Liverpool,Wolves,Premier League,W 2-0,Y,90,DF,70,1.77,26
Kostas Tsimikas,04-02-2023,Away,Liverpool,Wolves,Premier League,L 0-3,N,5,DF,70,1.77,26
Kostas Tsimikas,17-01-2023,Away,Liverpool,Wolves,FA Cup,W 1-0,Y,90,DF,70,1.77,26
Kostas Tsimikas,02-01-2023,Away,Liverpool,Brentford,Premier League,L 1-3,Y,45,DF,70,1.77,26
Kostas Tsimikas,30-12-2022,Home,Liverpool,Leicester City,Premier League,W 2-1,N,29,DF,70,1.77,26
Kostas Tsimikas,12-11-2022,Home,Liverpool,Southampton,Premier League,W 3-1,N,5,DF,70,1.77,26
Kostas Tsimikas,09-11-2022,Home,Liverpool,Derby County,EFL Cup,D 0-0 (pk),Y,120,DF,70,1.77,26
Kostas Tsimikas,01-11-2022,Home,Liverpool,Napoli,Champions League,W 2-0,Y,90,DF,70,1.77,26
Kostas Tsimikas,26-10-2022,Away,Liverpool,Ajax,Champions League,W 3-0,N,4,DF,70,1.77,26
Kostas Tsimikas,19-10-2022,Home,Liverpool,West Ham,Premier League,W 1-0,Y,80,DF,70,1.77,26
Kostas Tsimikas,16-10-2022,Home,Liverpool,Manchester City,Premier League,W 1-0,N,1,DF,70,1.77,26
Kostas Tsimikas,12-10-2022,Away,Liverpool,Rangers,Champions League,W 7-1,Y,67,DF,70,1.77,26
Kostas Tsimikas,09-10-2022,Away,Liverpool,Arsenal,Premier League,L 2-3,Y,90,DF,70,1.77,26
Kostas Tsimikas,04-10-2022,Home,Liverpool,Rangers,Champions League,W 2-0,Y,90,DF,70,1.77,26
Kostas Tsimikas,01-10-2022,Home,Liverpool,Brighton,Premier League,D 3-3,Y,57,DF,70,1.77,26
Kostas Tsimikas,13-09-2022,Home,Liverpool,Ajax,Champions League,W 2-1,Y,90,DF,70,1.77,26
Kostas Tsimikas,03-09-2022,Away,Liverpool,Everton,Premier League,D 0-0,Y,58,DF,70,1.77,26
Kostas Tsimikas,31-08-2022,Home,Liverpool,Newcastle Utd,Premier League,W 2-1,N,20,DF,70,1.77,26
Kostas Tsimikas,27-08-2022,Home,Liverpool,Bournemouth,Premier League,W 9-0,N,22,DF,70,1.77,26
Kostas Tsimikas,22-08-2022,Away,Liverpool,Manchester Utd,Premier League,L 1-2,N,6,DF,70,1.77,26
Kostas Tsimikas,15-08-2022,Home,Liverpool,Crystal Palace,Premier League,D 1-1,N,28,DF,70,1.77,26
Luis Diaz,25-05-2025,Home,Liverpool,Crystal Palace,Premier League,D 1-1,Y,68,FW,72,1.8,27
Luis Diaz,19-05-2025,Away,Liverpool,Brighton,Premier League,L 2-3,N,28,FW,72,1.8,27
Luis Diaz,11-05-2025,Home,Liverpool,Arsenal,Premier League,D 2-2,Y,78,FW,72,1.8,27
Luis Diaz,27-04-2025,Home,Liverpool,Tottenham,Premier League,W 5-1,Y,75,FW,72,1.8,27
Luis Diaz,20-04-2025,Away,Liverpool,Leicester City,Premier League,W 1-0,Y,89,FW,72,1.8,27
Luis Diaz,13-04-2025,Home,Liverpool,West Ham,Premier League,W 2-1,Y,90,FW,72,1.8,27
Luis Diaz,06-04-2025,Away,Liverpool,Fulham,Premier League,L 2-3,N,36,FW,72,1.8,27
Luis Diaz,02-04-2025,Home,Liverpool,Everton,Premier League,W 1-0,Y,85,FW,72,1.8,27
Luis Diaz,16-03-2025,Neutral,Liverpool,Newcastle Utd,EFL Cup,L 1-2,Y,73,MF,72,1.8,27
Luis Diaz,11-03-2025,Home,Liverpool,Paris S-G,Champions League,L 0-1 (pk),Y,101,FW,72,1.8,27
Luis Diaz,08-03-2025,Home,Liverpool,Southampton,Premier League,W 3-1,Y,90,FW,72,1.8,27
Luis Diaz,05-03-2025,Away,Liverpool,Paris S-G,Champions League,W 1-0 (pk),Y,66,FW,72,1.8,27
Luis Diaz,26-02-2025,Home,Liverpool,Newcastle Utd,Premier League,W 2-0,Y,86,FW,72,1.8,27
Luis Diaz,23-02-2025,Away,Liverpool,Manchester City,Premier League,W 2-0,Y,78,FW,72,1.8,27
Luis Diaz,19-02-2025,Away,Liverpool,Aston Villa,Premier League,D 2-2,N,10,FW,72,1.8,27
Luis Diaz,16-02-2025,Home,Liverpool,Wolves,Premier League,W 2-1,Y,70,FW,72,1.8,27
Luis Diaz,12-02-2025,Away,Liverpool,Everton,Premier League,D 2-2,Y,87,FW,72,1.8,27
Luis Diaz,09-02-2025,Away,Liverpool,Plymouth Argyle,FA Cup,L 0-1,Y,90,FW,72,1.8,27
Luis Diaz,06-02-2025,Home,Liverpool,Tottenham,EFL Cup,W 4-0,N,9,MF,72,1.8,27
Luis Diaz,01-02-2025,Away,Liverpool,Bournemouth,Premier League,W 2-0,Y,90,FW,72,1.8,27
Luis Diaz,25-01-2025,Home,Liverpool,Ipswich Town,Premier League,W 4-1,Y,85,FW,72,1.8,27
Luis Diaz,21-01-2025,Home,Liverpool,Lille,Champions League,W 2-1,Y,74,FW,72,1.8,27
Luis Diaz,18-01-2025,Away,Liverpool,Brentford,Premier League,W 2-0,Y,64,FW,72,1.8,27
Luis Diaz,14-01-2025,Away,Liverpool,Nott'ham Forest,Premier League,D 1-1,Y,74,FW,72,1.8,27
Luis Diaz,08-01-2025,Away,Liverpool,Tottenham,EFL Cup,L 0-1,N,31,MF,72,1.8,27
Luis Diaz,05-01-2025,Home,Liverpool,Manchester Utd,Premier League,D 2-2,Y,60,FW,72,1.8,27
Luis Diaz,29-12-2024,Away,Liverpool,West Ham,Premier League,W 5-0,Y,90,FW,72,1.8,27
Luis Diaz,22-12-2024,Away,Liverpool,Tottenham,Premier League,W 6-3,Y,86,FW,72,1.8,27
Luis Diaz,14-12-2024,Home,Liverpool,Fulham,Premier League,D 2-2,Y,90,FW,72,1.8,27
Luis Diaz,10-12-2024,Away,Liverpool,Girona,Champions League,W 1-0,Y,88,FW,72,1.8,27
Luis Diaz,04-12-2024,Away,Liverpool,Newcastle Utd,Premier League,D 3-3,N,24,FW,72,1.8,27
Luis Diaz,01-12-2024,Home,Liverpool,Manchester City,Premier League,W 2-0,Y,89,FW,72,1.8,27
Luis Diaz,27-11-2024,Home,Liverpool,Real Madrid,Champions League,W 2-0,Y,90,FW,72,1.8,27
Luis Diaz,24-11-2024,Away,Liverpool,Southampton,Premier League,W 3-2,N,29,FW,72,1.8,27
Luis Diaz,09-11-2024,Home,Liverpool,Aston Villa,Premier League,W 2-0,Y,90,FW,72,1.8,27
Luis Diaz,05-11-2024,Home,Liverpool,Leverkusen,Champions League,W 4-0,Y,90,FW,72,1.8,27
Luis Diaz,02-11-2024,Home,Liverpool,Brighton,Premier League,W 2-1,N,25,FW,72,1.8,27
Luis Diaz,30-10-2024,Away,Liverpool,Brighton,EFL Cup,W 3-2,Y,90,MF,72,1.8,27
Luis Diaz,27-10-2024,Away,Liverpool,Arsenal,Premier League,D 2-2,Y,62,FW,72,1.8,27
Luis Diaz,23-10-2024,Away,Liverpool,RB Leipzig,Champions League,W 1-0,N,28,FW,72,1.8,27
Luis Diaz,20-10-2024,Home,Liverpool,Chelsea,Premier League,W 2-1,N,25,FW,72,1.8,27
Luis Diaz,05-10-2024,Away,Liverpool,Crystal Palace,Premier League,W 1-0,N,18,FW,72,1.8,27
Luis Diaz,02-10-2024,Home,Liverpool,Bologna,Champions League,W 2-0,Y,71,FW,72,1.8,27
Luis Diaz,28-09-2024,Away,Liverpool,Wolves,Premier League,W 2-1,Y,72,FW,72,1.8,27
Luis Diaz,21-09-2024,Home,Liverpool,Bournemouth,Premier League,W 3-0,Y,71,FW,72,1.8,27
Luis Diaz,17-09-2024,Away,Liverpool,Milan,Champions League,W 3-1,N,23,FW,72,1.8,27
Luis Diaz,14-09-2024,Home,Liverpool,Nott'ham Forest,Premier League,L 0-1,Y,59,FW,72,1.8,27
Luis Diaz,01-09-2024,Away,Liverpool,Manchester Utd,Premier League,W 3-0,Y,65,FW,72,1.8,27
Luis Diaz,25-08-2024,Home,Liverpool,Brentford,Premier League,W 2-0,Y,71,FW,72,1.8,27
Luis Diaz,17-08-2024,Away,Liverpool,Ipswich Town,Premier League,W 2-0,Y,90,FW,72,1.8,27
Luis Diaz,19-05-2024,Home,Liverpool,Wolves,Premier League,W 2-0,Y,70,FW,72,1.8,26
Luis Diaz,13-05-2024,Away,Liverpool,Aston Villa,Premier League,D 3-3,Y,75,FW,72,1.8,26
Luis Diaz,05-05-2024,Home,Liverpool,Tottenham,Premier League,W 4-2,Y,74,FW,72,1.8,26
Luis Diaz,27-04-2024,Away,Liverpool,West Ham,Premier League,D 2-2,Y,78,FW,72,1.8,26
Luis Diaz,24-04-2024,Away,Liverpool,Everton,Premier League,L 0-2,Y,90,FW,72,1.8,26
Luis Diaz,21-04-2024,Away,Liverpool,Fulham,Premier League,W 3-1,Y,73,FW,72,1.8,26
Luis Diaz,18-04-2024,Away,Liverpool,Atalanta,Europa League,W 1-0,Y,65,FW,72,1.8,26
Luis Diaz,14-04-2024,Home,Liverpool,Crystal Palace,Premier League,L 0-1,Y,65,FW,72,1.8,26
Luis Diaz,11-04-2024,Home,Liverpool,Atalanta,Europa League,L 0-3,N,31,FW,72,1.8,26
Luis Diaz,07-04-2024,Away,Liverpool,Manchester Utd,Premier League,D 2-2,Y,90,FW,72,1.8,26
Luis Diaz,04-04-2024,Home,Liverpool,Sheffield Utd,Premier League,W 3-1,Y,90,FW,72,1.8,26
Luis Diaz,31-03-2024,Home,Liverpool,Brighton,Premier League,W 2-1,Y,88,FW,72,1.8,26
Luis Diaz,17-03-2024,Away,Liverpool,Manchester Utd,FA Cup,L 3-4 (aet),Y,113,FW,72,1.8,26
Luis Diaz,10-03-2024,Home,Liverpool,Manchester City,Premier League,D 1-1,Y,90,FW,72,1.8,26
Luis Diaz,07-03-2024,Away,Liverpool,Sparta Prague,Europa League,W 5-1,Y,73,FW,72,1.8,26
Luis Diaz,02-03-2024,Away,Liverpool,Nott'ham Forest,Premier League,W 1-0,Y,90,FW,72,1.8,26
Luis Diaz,25-02-2024,Away,Liverpool,Chelsea,EFL Cup,W 1-0 (aet),Y,120,FW,72,1.8,26
Luis Diaz,21-02-2024,Home,Liverpool,Luton Town,Premier League,W 4-1,Y,88,FW,72,1.8,26
Luis Diaz,17-02-2024,Away,Liverpool,Brentford,Premier League,W 4-1,Y,90,FW,72,1.8,26
Luis Diaz,10-02-2024,Home,Liverpool,Burnley,Premier League,W 3-1,Y,81,FW,72,1.8,26
Luis Diaz,04-02-2024,Away,Liverpool,Arsenal,Premier League,L 1-3,Y,90,FW,72,1.8,26
Luis Diaz,31-01-2024,Home,Liverpool,Chelsea,Premier League,W 4-1,Y,90,FW,72,1.8,26
Luis Diaz,28-01-2024,Home,Liverpool,Norwich City,FA Cup,W 5-2,N,12,FW,72,1.8,26
Luis Diaz,24-01-2024,Away,Liverpool,Fulham,EFL Cup,D 1-1,Y,90,FW,72,1.8,26
Luis Diaz,21-01-2024,Away,Liverpool,Bournemouth,Premier League,W 4-0,Y,63,FW,72,1.8,26
Luis Diaz,10-01-2024,Home,Liverpool,Fulham,EFL Cup,W 2-1,Y,90,FW,72,1.8,26
Luis Diaz,07-01-2024,Away,Liverpool,Arsenal,FA Cup,W 2-0,Y,90,FW,72,1.8,26
Luis Diaz,01-01-2024,Home,Liverpool,Newcastle Utd,Premier League,W 4-2,Y,63,FW,72,1.8,26
Luis Diaz,26-12-2023,Away,Liverpool,Burnley,Premier League,W 2-0,N,24,FW,72,1.8,26
Luis Diaz,23-12-2023,Home,Liverpool,Arsenal,Premier League,D 1-1,Y,67,FW,72,1.8,26
Luis Diaz,20-12-2023,Home,Liverpool,West Ham,EFL Cup,W 5-1,N,13,FW,72,1.8,26
Luis Diaz,17-12-2023,Home,Liverpool,Manchester Utd,Premier League,D 0-0,Y,77,FW,72,1.8,26
Luis Diaz,09-12-2023,Away,Liverpool,Crystal Palace,Premier League,W 2-1,Y,90,FW,72,1.8,26
Luis Diaz,06-12-2023,Away,Liverpool,Sheffield Utd,Premier League,W 2-0,Y,66,FW,72,1.8,26
Luis Diaz,03-12-2023,Home,Liverpool,Fulham,Premier League,W 4-3,Y,90,FW,72,1.8,26
Luis Diaz,30-11-2023,Home,Liverpool,LASK,Europa League,W 4-0,Y,55,FW,72,1.8,26
Luis Diaz,25-11-2023,Away,Liverpool,Manchester City,Premier League,D 1-1,N,37,FW,72,1.8,26
Luis Diaz,12-11-2023,Home,Liverpool,Brentford,Premier League,W 3-0,N,8,FW,72,1.8,26
Luis Diaz,09-11-2023,Away,Liverpool,Toulouse,Europa League,L 2-3,Y,80,FW,72,1.8,26
Luis Diaz,05-11-2023,Away,Liverpool,Luton Town,Premier League,D 1-1,N,8,FW,72,1.8,26
Luis Diaz,21-10-2023,Home,Liverpool,Everton,Premier League,W 2-0,Y,80,FW,72,1.8,26
Luis Diaz,08-10-2023,Away,Liverpool,Brighton,Premier League,D 2-2,Y,90,FW,72,1.8,26
Luis Diaz,05-10-2023,Home,Liverpool,Union SG,Europa League,W 2-0,N,45,FW,72,1.8,26
Luis Diaz,30-09-2023,Away,Liverpool,Tottenham,Premier League,L 1-2,Y,72,FW,72,1.8,26
Luis Diaz,24-09-2023,Home,Liverpool,West Ham,Premier League,W 3-1,Y,80,FW,72,1.8,26
Luis Diaz,21-09-2023,Away,Liverpool,LASK,Europa League,W 3-1,Y,90,FW,72,1.8,26
Luis Diaz,16-09-2023,Away,Liverpool,Wolves,Premier League,W 3-1,N,45,FW,72,1.8,26
Luis Diaz,03-09-2023,Home,Liverpool,Aston Villa,Premier League,W 3-0,Y,64,FW,72,1.8,26
Luis Diaz,27-08-2023,Away,Liverpool,Newcastle Utd,Premier League,W 2-1,Y,32,FW,72,1.8,26
Luis Diaz,19-08-2023,Home,Liverpool,Bournemouth,Premier League,W 3-1,Y,85,FW,72,1.8,26
Luis Diaz,13-08-2023,Away,Liverpool,Chelsea,Premier League,D 1-1,Y,76,FW,72,1.8,26
Luis Diaz,28-05-2023,Away,Liverpool,Southampton,Premier League,D 4-4,N,34,FW,72,1.8,25
Luis Diaz,20-05-2023,Home,Liverpool,Aston Villa,Premier League,D 1-1,Y,71,FW,72,1.8,25
Luis Diaz,15-05-2023,Away,Liverpool,Leicester City,Premier League,W 3-0,Y,73,FW,72,1.8,25
Luis Diaz,06-05-2023,Home,Liverpool,Brentford,Premier League,W 1-0,N,26,FW,72,1.8,25
Luis Diaz,03-05-2023,Home,Liverpool,Fulham,Premier League,W 1-0,Y,65,FW,72,1.8,25
Luis Diaz,30-04-2023,Home,Liverpool,Tottenham,Premier League,W 4-3,Y,62,FW,72,1.8,25
Luis Diaz,26-04-2023,Away,Liverpool,West Ham,Premier League,W 2-1,N,32,FW,72,1.8,25
Luis Diaz,22-04-2023,Home,Liverpool,Nott'ham Forest,Premier League,W 3-2,N,10,FW,72,1.8,25
Luis Diaz,17-04-2023,Away,Liverpool,Leeds United,Premier League,W 6-1,N,10,FW,72,1.8,25
Luis Diaz,09-10-2022,Away,Liverpool,Arsenal,Premier League,L 2-3,Y,41,FW,72,1.8,25
Luis Diaz,04-10-2022,Home,Liverpool,Rangers,Champions League,W 2-0,Y,90,FW,72,1.8,25
Luis Diaz,01-10-2022,Home,Liverpool,Brighton,Premier League,D 3-3,N,45,FW,72,1.8,25
Luis Diaz,13-09-2022,Home,Liverpool,Ajax,Champions League,W 2-1,Y,89,FW,72,1.8,25
Luis Diaz,07-09-2022,Away,Liverpool,Napoli,Champions League,L 1-4,Y,90,FW,72,1.8,25
Luis Diaz,03-09-2022,Away,Liverpool,Everton,Premier League,D 0-0,Y,90,FW,72,1.8,25
Luis Diaz,31-08-2022,Home,Liverpool,Newcastle Utd,Premier League,W 2-1,Y,90,FW,72,1.8,25
Luis Diaz,27-08-2022,Home,Liverpool,Bournemouth,Premier League,W 9-0,Y,90,FW,72,1.8,25
Luis Diaz,22-08-2022,Away,Liverpool,Manchester Utd,Premier League,L 1-2,Y,90,FW,72,1.8,25
Luis Diaz,15-08-2022,Home,Liverpool,Crystal Palace,Premier League,D 1-1,Y,90,FW,72,1.8,25
Luis Diaz,06-08-2022,Away,Liverpool,Fulham,Premier League,D 2-2,Y,77,FW,72,1.8,25
Luis Diaz,30-07-2022,Neutral,Liverpool,Manchester City,FA Community Shield,W 3-1,Y,89,FW,72,1.8,24
Luke Chambers,14-12-2023,Away,Liverpool,Union SG,Europa League,L 1-2,Y,62,DF,87,1.81,19
Luke Chambers,30-11-2023,Home,Liverpool,LASK,Europa League,W 4-0,N,9,DF,87,1.81,19
Luke Chambers,26-10-2023,Home,Liverpool,Toulouse,Europa League,W 5-1,Y,66,DF,87,1.81,19
Luke Chambers,27-09-2023,Home,Liverpool,Leicester City,EFL Cup,W 3-1,N,1,DF,87,1.81,19
Mohamed Salah,25-05-2025,Home,Liverpool,Crystal Palace,Premier League,D 1-1,Y,90,FW,71,1.75,32
Mohamed Salah,19-05-2025,Away,Liverpool,Brighton,Premier League,L 2-3,Y,90,FW,71,1.75,32
Mohamed Salah,11-05-2025,Home,Liverpool,Arsenal,Premier League,D 2-2,Y,90,FW,71,1.75,32
Mohamed Salah,04-05-2025,Away,Liverpool,Chelsea,Premier League,L 1-3,Y,90,FW,71,1.75,32
Mohamed Salah,27-04-2025,Home,Liverpool,Tottenham,Premier League,W 5-1,Y,90,FW,71,1.75,32
Mohamed Salah,20-04-2025,Away,Liverpool,Leicester City,Premier League,W 1-0,Y,90,FW,71,1.75,32
Mohamed Salah,13-04-2025,Home,Liverpool,West Ham,Premier League,W 2-1,Y,84,FW,71,1.75,32
Mohamed Salah,06-04-2025,Away,Liverpool,Fulham,Premier League,L 2-3,Y,90,FW,71,1.75,32
Mohamed Salah,02-04-2025,Home,Liverpool,Everton,Premier League,W 1-0,Y,89,FW,71,1.75,32
Mohamed Salah,16-03-2025,Neutral,Liverpool,Newcastle Utd,EFL Cup,L 1-2,Y,90,MF,71,1.75,32
Mohamed Salah,11-03-2025,Home,Liverpool,Paris S-G,Champions League,L 0-1 (pk),Y,120,FW,71,1.75,32
Mohamed Salah,08-03-2025,Home,Liverpool,Southampton,Premier League,W 3-1,Y,90,FW,71,1.75,32
Mohamed Salah,05-03-2025,Away,Liverpool,Paris S-G,Champions League,W 1-0 (pk),Y,85,FW,71,1.75,32
Mohamed Salah,26-02-2025,Home,Liverpool,Newcastle Utd,Premier League,W 2-0,Y,90,FW,71,1.75,32
Mohamed Salah,23-02-2025,Away,Liverpool,Manchester City,Premier League,W 2-0,Y,89,FW,71,1.75,32
Mohamed Salah,19-02-2025,Away,Liverpool,Aston Villa,Premier League,D 2-2,Y,90,FW,71,1.75,32
Mohamed Salah,16-02-2025,Home,Liverpool,Wolves,Premier League,W 2-1,Y,90,FW,71,1.75,32
Mohamed Salah,12-02-2025,Away,Liverpool,Everton,Premier League,D 2-2,Y,90,FW,71,1.75,32
Mohamed Salah,06-02-2025,Home,Liverpool,Tottenham,EFL Cup,W 4-0,Y,81,MF,71,1.75,32
Mohamed Salah,01-02-2025,Away,Liverpool,Bournemouth,Premier League,W 2-0,Y,87,FW,71,1.75,32
Mohamed Salah,25-01-2025,Home,Liverpool,Ipswich Town,Premier League,W 4-1,Y,90,FW,71,1.75,32
Mohamed Salah,21-01-2025,Home,Liverpool,Lille,Champions League,W 2-1,Y,90,FW,71,1.75,32
Mohamed Salah,18-01-2025,Away,Liverpool,Brentford,Premier League,W 2-0,Y,90,FW,71,1.75,32
Mohamed Salah,14-01-2025,Away,Liverpool,Nott'ham Forest,Premier League,D 1-1,Y,90,FW,71,1.75,32
Mohamed Salah,08-01-2025,Away,Liverpool,Tottenham,EFL Cup,L 0-1,Y,90,MF,71,1.75,32
Mohamed Salah,05-01-2025,Home,Liverpool,Manchester Utd,Premier League,D 2-2,Y,90,FW,71,1.75,32
Mohamed Salah,29-12-2024,Away,Liverpool,West Ham,Premier League,W 5-0,Y,90,FW,71,1.75,32
Mohamed Salah,26-12-2024,Home,Liverpool,Leicester City,Premier League,W 3-1,Y,90,FW,71,1.75,32
Mohamed Salah,22-12-2024,Away,Liverpool,Tottenham,Premier League,W 6-3,Y,86,FW,71,1.75,32
Mohamed Salah,14-12-2024,Home,Liverpool,Fulham,Premier League,D 2-2,Y,90,FW,71,1.75,32
Mohamed Salah,10-12-2024,Away,Liverpool,Girona,Champions League,W 1-0,Y,90,FW,71,1.75,32
Mohamed Salah,04-12-2024,Away,Liverpool,Newcastle Utd,Premier League,D 3-3,Y,90,FW,71,1.75,32
Mohamed Salah,01-12-2024,Home,Liverpool,Manchester City,Premier League,W 2-0,Y,83,FW,71,1.75,32
Mohamed Salah,27-11-2024,Home,Liverpool,Real Madrid,Champions League,W 2-0,Y,90,FW,71,1.75,32
Mohamed Salah,24-11-2024,Away,Liverpool,Southampton,Premier League,W 3-2,Y,90,FW,71,1.75,32
Mohamed Salah,09-11-2024,Home,Liverpool,Aston Villa,Premier League,W 2-0,Y,90,FW,71,1.75,32
Mohamed Salah,05-11-2024,Home,Liverpool,Leverkusen,Champions League,W 4-0,Y,90,FW,71,1.75,32
Mohamed Salah,02-11-2024,Home,Liverpool,Brighton,Premier League,W 2-1,Y,89,FW,71,1.75,32
Mohamed Salah,30-10-2024,Away,Liverpool,Brighton,EFL Cup,W 3-2,N,20,MF,71,1.75,32
Mohamed Salah,27-10-2024,Away,Liverpool,Arsenal,Premier League,D 2-2,Y,90,FW,71,1.75,32
Mohamed Salah,23-10-2024,Away,Liverpool,RB Leipzig,Champions League,W 1-0,Y,62,FW,71,1.75,32
Mohamed Salah,20-10-2024,Home,Liverpool,Chelsea,Premier League,W 2-1,Y,90,FW,71,1.75,32
Mohamed Salah,05-10-2024,Away,Liverpool,Crystal Palace,Premier League,W 1-0,Y,72,FW,71,1.75,32
Mohamed Salah,02-10-2024,Home,Liverpool,Bologna,Champions League,W 2-0,Y,90,FW,71,1.75,32
Mohamed Salah,28-09-2024,Away,Liverpool,Wolves,Premier League,W 2-1,Y,90,FW,71,1.75,32
Mohamed Salah,25-09-2024,Home,Liverpool,West Ham,EFL Cup,W 5-1,N,32,MF,71,1.75,32
Mohamed Salah,21-09-2024,Home,Liverpool,Bournemouth,Premier League,W 3-0,Y,90,FW,71,1.75,32
Mohamed Salah,17-09-2024,Away,Liverpool,Milan,Champions League,W 3-1,Y,89,FW,71,1.75,32
Mohamed Salah,14-09-2024,Home,Liverpool,Nott'ham Forest,Premier League,L 0-1,Y,90,FW,71,1.75,32
Mohamed Salah,01-09-2024,Away,Liverpool,Manchester Utd,Premier League,W 3-0,Y,90,FW,71,1.75,32
Mohamed Salah,25-08-2024,Home,Liverpool,Brentford,Premier League,W 2-0,Y,82,FW,71,1.75,32
Mohamed Salah,17-08-2024,Away,Liverpool,Ipswich Town,Premier League,W 2-0,Y,90,FW,71,1.75,32
Mohamed Salah,19-05-2024,Home,Liverpool,Wolves,Premier League,W 2-0,Y,90,FW,71,1.75,31
Mohamed Salah,13-05-2024,Away,Liverpool,Aston Villa,Premier League,D 3-3,Y,90,FW,71,1.75,31
Mohamed Salah,05-05-2024,Home,Liverpool,Tottenham,Premier League,W 4-2,Y,90,FW,71,1.75,31
Mohamed Salah,27-04-2024,Away,Liverpool,West Ham,Premier League,D 2-2,N,12,FW,71,1.75,31
Mohamed Salah,24-04-2024,Away,Liverpool,Everton,Premier League,L 0-2,Y,90,FW,71,1.75,31
Mohamed Salah,21-04-2024,Away,Liverpool,Fulham,Premier League,W 3-1,N,17,FW,71,1.75,31
Mohamed Salah,18-04-2024,Away,Liverpool,Atalanta,Europa League,W 1-0,Y,65,FW,71,1.75,31
Mohamed Salah,14-04-2024,Home,Liverpool,Crystal Palace,Premier League,L 0-1,Y,90,FW,71,1.75,31
Mohamed Salah,11-04-2024,Home,Liverpool,Atalanta,Europa League,L 0-3,N,45,FW,71,1.75,31
Mohamed Salah,07-04-2024,Away,Liverpool,Manchester Utd,Premier League,D 2-2,Y,90,FW,71,1.75,31
Mohamed Salah,04-04-2024,Home,Liverpool,Sheffield Utd,Premier League,W 3-1,Y,59,FW,71,1.75,31
Mohamed Salah,31-03-2024,Home,Liverpool,Brighton,Premier League,W 2-1,Y,90,FW,71,1.75,31
Mohamed Salah,17-03-2024,Away,Liverpool,Manchester Utd,FA Cup,L 3-4 (aet),Y,76,FW,71,1.75,31
Mohamed Salah,14-03-2024,Home,Liverpool,Sparta Prague,Europa League,W 6-1,Y,90,FW,71,1.75,31
Mohamed Salah,10-03-2024,Home,Liverpool,Manchester City,Premier League,D 1-1,N,30,FW,71,1.75,31
Mohamed Salah,07-03-2024,Away,Liverpool,Sparta Prague,Europa League,W 5-1,N,17,FW,71,1.75,31
Mohamed Salah,17-02-2024,Away,Liverpool,Brentford,Premier League,W 4-1,N,47,FW,71,1.75,31
Mohamed Salah,01-01-2024,Home,Liverpool,Newcastle Utd,Premier League,W 4-2,Y,90,FW,71,1.75,31
Mohamed Salah,26-12-2023,Away,Liverpool,Burnley,Premier League,W 2-0,Y,90,FW,71,1.75,31
Mohamed Salah,23-12-2023,Home,Liverpool,Arsenal,Premier League,D 1-1,Y,90,FW,71,1.75,31
Mohamed Salah,20-12-2023,Home,Liverpool,West Ham,EFL Cup,W 5-1,N,31,FW,71,1.75,31
Mohamed Salah,17-12-2023,Home,Liverpool,Manchester Utd,Premier League,D 0-0,Y,90,FW,71,1.75,31
Mohamed Salah,09-12-2023,Away,Liverpool,Crystal Palace,Premier League,W 2-1,Y,90,FW,71,1.75,31
Mohamed Salah,06-12-2023,Away,Liverpool,Sheffield Utd,Premier League,W 2-0,Y,66,FW,71,1.75,31
Mohamed Salah,03-12-2023,Home,Liverpool,Fulham,Premier League,W 4-3,Y,90,FW,71,1.75,31
Mohamed Salah,30-11-2023,Home,Liverpool,LASK,Europa League,W 4-0,Y,55,FW,71,1.75,31
Mohamed Salah,25-11-2023,Away,Liverpool,Manchester City,Premier League,D 1-1,Y,90,FW,71,1.75,31
Mohamed Salah,12-11-2023,Home,Liverpool,Brentford,Premier League,W 3-0,Y,90,FW,71,1.75,31
Mohamed Salah,09-11-2023,Away,Liverpool,Toulouse,Europa League,L 2-3,N,45,FW,71,1.75,31
Mohamed Salah,05-11-2023,Away,Liverpool,Luton Town,Premier League,D 1-1,Y,90,FW,71,1.75,31
Mohamed Salah,01-11-2023,Away,Liverpool,Bournemouth,EFL Cup,W 2-1,Y,90,FW,71,1.75,31
Mohamed Salah,29-10-2023,Home,Liverpool,Nott'ham Forest,Premier League,W 3-0,Y,90,FW,71,1.75,31
Mohamed Salah,26-10-2023,Home,Liverpool,Toulouse,Europa League,W 5-1,N,21,FW,71,1.75,31
Mohamed Salah,21-10-2023,Home,Liverpool,Everton,Premier League,W 2-0,Y,90,FW,71,1.75,31
Mohamed Salah,08-10-2023,Away,Liverpool,Brighton,Premier League,D 2-2,Y,90,FW,71,1.75,31
Mohamed Salah,05-10-2023,Home,Liverpool,Union SG,Europa League,W 2-0,Y,45,FW,71,1.75,31
Mohamed Salah,30-09-2023,Away,Liverpool,Tottenham,Premier League,L 1-2,Y,73,FW,71,1.75,31
Mohamed Salah,24-09-2023,Home,Liverpool,West Ham,Premier League,W 3-1,Y,90,FW,71,1.75,31
Mohamed Salah,21-09-2023,Away,Liverpool,LASK,Europa League,W 3-1,N,17,FW,71,1.75,31
Mohamed Salah,16-09-2023,Away,Liverpool,Wolves,Premier League,W 3-1,Y,89,FW,71,1.75,31
Mohamed Salah,03-09-2023,Home,Liverpool,Aston Villa,Premier League,W 3-0,Y,90,FW,71,1.75,31
Mohamed Salah,27-08-2023,Away,Liverpool,Newcastle Utd,Premier League,W 2-1,Y,90,FW,71,1.75,31
Mohamed Salah,19-08-2023,Home,Liverpool,Bournemouth,Premier League,W 3-1,Y,85,FW,71,1.75,31
Mohamed Salah,13-08-2023,Away,Liverpool,Chelsea,Premier League,D 1-1,Y,76,FW,71,1.75,31
Mohamed Salah,28-05-2023,Away,Liverpool,Southampton,Premier League,D 4-4,Y,90,FW,71,1.75,30
Mohamed Salah,20-05-2023,Home,Liverpool,Aston Villa,Premier League,D 1-1,Y,90,FW,71,1.75,30
Mohamed Salah,15-05-2023,Away,Liverpool,Leicester City,Premier League,W 3-0,Y,87,FW,71,1.75,30
Mohamed Salah,06-05-2023,Home,Liverpool,Brentford,Premier League,W 1-0,Y,90,FW,71,1.75,30
Mohamed Salah,03-05-2023,Home,Liverpool,Fulham,Premier League,W 1-0,Y,83,FW,71,1.75,30
Mohamed Salah,30-04-2023,Home,Liverpool,Tottenham,Premier League,W 4-3,Y,90,FW,71,1.75,30
Mohamed Salah,26-04-2023,Away,Liverpool,West Ham,Premier League,W 2-1,Y,90,FW,71,1.75,30
Mohamed Salah,22-04-2023,Home,Liverpool,Nott'ham Forest,Premier League,W 3-2,Y,90,FW,71,1.75,30
Mohamed Salah,17-04-2023,Away,Liverpool,Leeds United,Premier League,W 6-1,Y,80,FW,71,1.75,30
Mohamed Salah,09-04-2023,Home,Liverpool,Arsenal,Premier League,D 2-2,Y,90,FW,71,1.75,30
Mohamed Salah,04-04-2023,Away,Liverpool,Chelsea,Premier League,D 0-0,N,26,FW,71,1.75,30
Mohamed Salah,01-04-2023,Away,Liverpool,Manchester City,Premier League,L 1-4,Y,69,FW,71,1.75,30
Mohamed Salah,15-03-2023,Away,Liverpool,Real Madrid,Champions League,L 0-1,Y,90,FW,71,1.75,30
Mohamed Salah,11-03-2023,Away,Liverpool,Bournemouth,Premier League,L 0-1,Y,90,FW,71,1.75,30
Mohamed Salah,05-03-2023,Home,Liverpool,Manchester Utd,Premier League,W 7-0,Y,90,FW,71,1.75,30
Mohamed Salah,01-03-2023,Home,Liverpool,Wolves,Premier League,W 2-0,Y,90,FW,71,1.75,30
Mohamed Salah,25-02-2023,Away,Liverpool,Crystal Palace,Premier League,D 0-0,Y,90,FW,71,1.75,30
Mohamed Salah,21-02-2023,Home,Liverpool,Real Madrid,Champions League,L 2-5,Y,90,FW,71,1.75,30
Mohamed Salah,18-02-2023,Away,Liverpool,Newcastle Utd,Premier League,W 2-0,Y,90,FW,71,1.75,30
Mohamed Salah,13-02-2023,Home,Liverpool,Everton,Premier League,W 2-0,Y,89,FW,71,1.75,30
Mohamed Salah,04-02-2023,Away,Liverpool,Wolves,Premier League,L 0-3,Y,90,FW,71,1.75,30
Mohamed Salah,29-01-2023,Away,Liverpool,Brighton,FA Cup,L 1-2,Y,90,FW,71,1.75,30
Mohamed Salah,21-01-2023,Home,Liverpool,Chelsea,Premier League,D 0-0,Y,90,FW,71,1.75,30
Mohamed Salah,17-01-2023,Away,Liverpool,Wolves,FA Cup,W 1-0,N,25,FW,71,1.75,30
Mohamed Salah,14-01-2023,Away,Liverpool,Brighton,Premier League,L 0-3,Y,90,FW,71,1.75,30
Mohamed Salah,07-01-2023,Home,Liverpool,Wolves,FA Cup,D 2-2,Y,84,FW,71,1.75,30
Mohamed Salah,02-01-2023,Away,Liverpool,Brentford,Premier League,L 1-3,Y,90,FW,71,1.75,30
Mohamed Salah,30-12-2022,Home,Liverpool,Leicester City,Premier League,W 2-1,Y,90,FW,71,1.75,30
Mohamed Salah,26-12-2022,Away,Liverpool,Aston Villa,Premier League,W 3-1,Y,90,FW,71,1.75,30
Mohamed Salah,22-12-2022,Away,Liverpool,Manchester City,EFL Cup,L 2-3,Y,90,FW,71,1.75,30
Mohamed Salah,12-11-2022,Home,Liverpool,Southampton,Premier League,W 3-1,Y,90,FW,71,1.75,30
Mohamed Salah,06-11-2022,Away,Liverpool,Tottenham,Premier League,W 2-1,Y,89,FW,71,1.75,30
Mohamed Salah,01-11-2022,Home,Liverpool,Napoli,Champions League,W 2-0,Y,90,FW,71,1.75,30
Mohamed Salah,29-10-2022,Home,Liverpool,Leeds United,Premier League,L 1-2,Y,90,FW,71,1.75,30
Mohamed Salah,26-10-2022,Away,Liverpool,Ajax,Champions League,W 3-0,Y,90,FW,71,1.75,30
Mohamed Salah,22-10-2022,Away,Liverpool,Nott'ham Forest,Premier League,L 0-1,Y,90,FW,71,1.75,30
Mohamed Salah,19-10-2022,Home,Liverpool,West Ham,Premier League,W 1-0,Y,90,FW,71,1.75,30
Mohamed Salah,16-10-2022,Home,Liverpool,Manchester City,Premier League,W 1-0,Y,89,FW,71,1.75,30
Mohamed Salah,12-10-2022,Away,Liverpool,Rangers,Champions League,W 7-1,N,23,FW,71,1.75,30
Mohamed Salah,09-10-2022,Away,Liverpool,Arsenal,Premier League,L 2-3,Y,68,FW,71,1.75,30
Mohamed Salah,04-10-2022,Home,Liverpool,Rangers,Champions League,W 2-0,Y,90,FW,71,1.75,30
Mohamed Salah,01-10-2022,Home,Liverpool,Brighton,Premier League,D 3-3,Y,90,FW,71,1.75,30
Mohamed Salah,13-09-2022,Home,Liverpool,Ajax,Champions League,W 2-1,Y,90,FW,71,1.75,30
Mohamed Salah,07-09-2022,Away,Liverpool,Napoli,Champions League,L 1-4,Y,61,FW,71,1.75,30
Mohamed Salah,03-09-2022,Away,Liverpool,Everton,Premier League,D 0-0,Y,90,FW,71,1.75,30
Mohamed Salah,31-08-2022,Home,Liverpool,Newcastle Utd,Premier League,W 2-1,Y,90,FW,71,1.75,30
Mohamed Salah,27-08-2022,Home,Liverpool,Bournemouth,Premier League,W 9-0,Y,90,FW,71,1.75,30
Mohamed Salah,22-08-2022,Away,Liverpool,Manchester Utd,Premier League,L 1-2,Y,90,FW,71,1.75,30
Mohamed Salah,15-08-2022,Home,Liverpool,Crystal Palace,Premier League,D 1-1,Y,90,FW,71,1.75,30
Mohamed Salah,06-08-2022,Away,Liverpool,Fulham,Premier League,D 2-2,Y,90,FW,71,1.75,30
Mohamed Salah,30-07-2022,Neutral,Liverpool,Manchester City,FA Community Shield,W 3-1,Y,89,FW,71,1.75,29
Naby Keïta,25-02-2023,Away,Liverpool,Crystal Palace,Premier League,D 0-0,Y,45,MF,71,1.72,27
Naby Keïta,13-02-2023,Home,Liverpool,Everton,Premier League,W 2-0,N,1,MF,71,1.72,27
Naby Keïta,04-02-2023,Away,Liverpool,Wolves,Premier League,L 0-3,Y,64,MF,71,1.72,27
Naby Keïta,29-01-2023,Away,Liverpool,Brighton,FA Cup,L 1-2,Y,58,MF,71,1.72,27
Naby Keïta,21-01-2023,Home,Liverpool,Chelsea,Premier League,D 0-0,Y,62,MF,71,1.72,27
Naby Keïta,17-01-2023,Away,Liverpool,Wolves,FA Cup,W 1-0,Y,90,MF,71,1.72,27
Naby Keïta,14-01-2023,Away,Liverpool,Brighton,Premier League,L 0-3,N,23,MF,71,1.72,27
Naby Keïta,07-01-2023,Home,Liverpool,Wolves,FA Cup,D 2-2,N,23,MF,71,1.72,27
Naby Keïta,02-01-2023,Away,Liverpool,Brentford,Premier League,L 1-3,N,45,MF,71,1.72,27
Naby Keïta,30-12-2022,Home,Liverpool,Leicester City,Premier League,W 2-1,N,29,MF,71,1.72,27
Naby Keïta,26-12-2022,Away,Liverpool,Aston Villa,Premier League,W 3-1,N,24,MF,71,1.72,27
Naby Keïta,22-12-2022,Away,Liverpool,Manchester City,EFL Cup,L 2-3,N,21,MF,71,1.72,27
Naby Keïta,30-07-2022,Neutral,Liverpool,Manchester City,FA Community Shield,W 3-1,N,6,MF,71,1.72,26
Nathaniel Phillips,17-01-2023,Away,Liverpool,Wolves,FA Cup,W 1-0,N,25,DF,84,1.9,25
Nathaniel Phillips,22-12-2022,Away,Liverpool,Manchester City,EFL Cup,L 2-3,N,53,DF,84,1.9,25
Nathaniel Phillips,12-11-2022,Home,Liverpool,Southampton,Premier League,W 3-1,N,4,DF,84,1.9,25
Nathaniel Phillips,09-11-2022,Home,Liverpool,Derby County,EFL Cup,D 0-0 (pk),Y,120,DF,84,1.9,25
Nathaniel Phillips,15-08-2022,Home,Liverpool,Crystal Palace,Premier League,D 1-1,Y,62,DF,84,1.9,25
Roberto Firmino,28-05-2023,Away,Liverpool,Southampton,Premier League,D 4-4,Y,56,"FW,MF",76,1.81,30
Roberto Firmino,20-05-2023,Home,Liverpool,Aston Villa,Premier League,D 1-1,N,19,"FW,MF",76,1.81,30
Roberto Firmino,17-04-2023,Away,Liverpool,Leeds United,Premier League,W 6-1,N,9,"FW,MF",76,1.81,30
Roberto Firmino,09-04-2023,Home,Liverpool,Arsenal,Premier League,D 2-2,N,13,"FW,MF",76,1.81,30
Roberto Firmino,04-04-2023,Away,Liverpool,Chelsea,Premier League,D 0-0,Y,64,"FW,MF",76,1.81,30
Roberto Firmino,01-04-2023,Away,Liverpool,Manchester City,Premier League,L 1-4,N,21,"FW,MF",76,1.81,30
Roberto Firmino,15-03-2023,Away,Liverpool,Real Madrid,Champions League,L 0-1,N,34,"FW,MF",76,1.81,30
Roberto Firmino,11-03-2023,Away,Liverpool,Bournemouth,Premier League,L 0-1,N,25,"FW,MF",76,1.81,30
Roberto Firmino,05-03-2023,Home,Liverpool,Manchester Utd,Premier League,W 7-0,N,12,"FW,MF",76,1.81,30
Roberto Firmino,01-03-2023,Home,Liverpool,Wolves,Premier League,W 2-0,N,2,"FW,MF",76,1.81,30
Roberto Firmino,25-02-2023,Away,Liverpool,Crystal Palace,Premier League,D 0-0,N,20,"FW,MF",76,1.81,30
Roberto Firmino,21-02-2023,Home,Liverpool,Real Madrid,Champions League,L 2-5,N,27,"FW,MF",76,1.81,30
Roberto Firmino,18-02-2023,Away,Liverpool,Newcastle Utd,Premier League,W 2-0,N,32,"FW,MF",76,1.81,30
Roberto Firmino,13-02-2023,Home,Liverpool,Everton,Premier League,W 2-0,N,11,"FW,MF",76,1.81,30
Roberto Firmino,12-11-2022,Home,Liverpool,Southampton,Premier League,W 3-1,Y,74,"FW,MF",76,1.81,30
Roberto Firmino,09-11-2022,Home,Liverpool,Derby County,EFL Cup,D 0-0 (pk),N,55,"FW,MF",76,1.81,30
Roberto Firmino,06-11-2022,Away,Liverpool,Tottenham,Premier League,W 2-1,Y,73,"FW,MF",76,1.81,30
Roberto Firmino,01-11-2022,Home,Liverpool,Napoli,Champions League,W 2-0,Y,86,"FW,MF",76,1.81,30
Roberto Firmino,29-10-2022,Home,Liverpool,Leeds United,Premier League,L 1-2,Y,90,"FW,MF",76,1.81,30
Roberto Firmino,26-10-2022,Away,Liverpool,Ajax,Champions League,W 3-0,Y,90,"FW,MF",76,1.81,30
Roberto Firmino,22-10-2022,Away,Liverpool,Nott'ham Forest,Premier League,L 0-1,Y,75,"FW,MF",76,1.81,30
Roberto Firmino,19-10-2022,Home,Liverpool,West Ham,Premier League,W 1-0,Y,80,"FW,MF",76,1.81,30
Roberto Firmino,16-10-2022,Home,Liverpool,Manchester City,Premier League,W 1-0,Y,71,"FW,MF",76,1.81,30
Roberto Firmino,12-10-2022,Away,Liverpool,Rangers,Champions League,W 7-1,Y,72,"FW,MF",76,1.81,30
Roberto Firmino,09-10-2022,Away,Liverpool,Arsenal,Premier League,L 2-3,N,49,"FW,MF",76,1.81,30
Roberto Firmino,04-10-2022,Home,Liverpool,Rangers,Champions League,W 2-0,N,22,"FW,MF",76,1.81,30
Roberto Firmino,01-10-2022,Home,Liverpool,Brighton,Premier League,D 3-3,Y,74,"FW,MF",76,1.81,30
Roberto Firmino,13-09-2022,Home,Liverpool,Ajax,Champions League,W 2-1,N,25,"FW,MF",76,1.81,30
Roberto Firmino,07-09-2022,Away,Liverpool,Napoli,Champions League,L 1-4,Y,61,"FW,MF",76,1.81,30
Roberto Firmino,03-09-2022,Away,Liverpool,Everton,Premier League,D 0-0,N,45,"FW,MF",76,1.81,30
Roberto Firmino,31-08-2022,Home,Liverpool,Newcastle Utd,Premier League,W 2-1,Y,90,"FW,MF",76,1.81,30
Roberto Firmino,27-08-2022,Home,Liverpool,Bournemouth,Premier League,W 9-0,Y,68,"FW,MF",76,1.81,30
Roberto Firmino,22-08-2022,Away,Liverpool,Manchester Utd,Premier League,L 1-2,Y,90,"FW,MF",76,1.81,30
Roberto Firmino,06-08-2022,Away,Liverpool,Fulham,Premier League,D 2-2,Y,50,"FW,MF",76,1.81,30
Roberto Firmino,30-07-2022,Neutral,Liverpool,Manchester City,FA Community Shield,W 3-1,Y,58,FW,76,1.81,29
Ryan Gravenberch,25-05-2025,Home,Liverpool,Crystal Palace,Premier League,D 1-1,Y,67,MF,79,1.9,22
Ryan Gravenberch,19-05-2025,Away,Liverpool,Brighton,Premier League,L 2-3,Y,90,MF,79,1.9,22
Ryan Gravenberch,11-05-2025,Home,Liverpool,Arsenal,Premier League,D 2-2,Y,82,MF,79,1.9,22
Ryan Gravenberch,27-04-2025,Home,Liverpool,Tottenham,Premier League,W 5-1,Y,90,MF,79,1.9,22
Ryan Gravenberch,20-04-2025,Away,Liverpool,Leicester City,Premier League,W 1-0,Y,90,MF,79,1.9,22
Ryan Gravenberch,13-04-2025,Home,Liverpool,West Ham,Premier League,W 2-1,Y,90,MF,79,1.9,22
Ryan Gravenberch,06-04-2025,Away,Liverpool,Fulham,Premier League,L 2-3,Y,90,MF,79,1.9,22
Ryan Gravenberch,02-04-2025,Home,Liverpool,Everton,Premier League,W 1-0,Y,90,MF,79,1.9,22
Ryan Gravenberch,16-03-2025,Neutral,Liverpool,Newcastle Utd,EFL Cup,L 1-2,Y,73,MF,79,1.9,22
Ryan Gravenberch,11-03-2025,Home,Liverpool,Paris S-G,Champions League,L 0-1 (pk),Y,120,MF,79,1.9,22
Ryan Gravenberch,08-03-2025,Home,Liverpool,Southampton,Premier League,W 3-1,Y,80,MF,79,1.9,22
Ryan Gravenberch,05-03-2025,Away,Liverpool,Paris S-G,Champions League,W 1-0 (pk),Y,78,MF,79,1.9,22
Ryan Gravenberch,26-02-2025,Home,Liverpool,Newcastle Utd,Premier League,W 2-0,Y,76,MF,79,1.9,22
Ryan Gravenberch,23-02-2025,Away,Liverpool,Manchester City,Premier League,W 2-0,Y,90,MF,79,1.9,22
Ryan Gravenberch,19-02-2025,Away,Liverpool,Aston Villa,Premier League,D 2-2,Y,90,MF,79,1.9,22
Ryan Gravenberch,16-02-2025,Home,Liverpool,Wolves,Premier League,W 2-1,Y,90,MF,79,1.9,22
Ryan Gravenberch,12-02-2025,Away,Liverpool,Everton,Premier League,D 2-2,Y,60,MF,79,1.9,22
Ryan Gravenberch,06-02-2025,Home,Liverpool,Tottenham,EFL Cup,W 4-0,Y,90,MF,79,1.9,22
Ryan Gravenberch,01-02-2025,Away,Liverpool,Bournemouth,Premier League,W 2-0,Y,90,MF,79,1.9,22
Ryan Gravenberch,25-01-2025,Home,Liverpool,Ipswich Town,Premier League,W 4-1,Y,67,MF,79,1.9,22
Ryan Gravenberch,21-01-2025,Home,Liverpool,Lille,Champions League,W 2-1,Y,45,MF,79,1.9,22
Ryan Gravenberch,18-01-2025,Away,Liverpool,Brentford,Premier League,W 2-0,Y,90,MF,79,1.9,22
Ryan Gravenberch,14-01-2025,Away,Liverpool,Nott'ham Forest,Premier League,D 1-1,Y,90,MF,79,1.9,22
Ryan Gravenberch,08-01-2025,Away,Liverpool,Tottenham,EFL Cup,L 0-1,Y,90,MF,79,1.9,22
Ryan Gravenberch,05-01-2025,Home,Liverpool,Manchester Utd,Premier League,D 2-2,Y,90,MF,79,1.9,22
Ryan Gravenberch,29-12-2024,Away,Liverpool,West Ham,Premier League,W 5-0,Y,57,MF,79,1.9,22
Ryan Gravenberch,26-12-2024,Home,Liverpool,Leicester City,Premier League,W 3-1,Y,86,MF,79,1.9,22
Ryan Gravenberch,22-12-2024,Away,Liverpool,Tottenham,Premier League,W 6-3,Y,90,MF,79,1.9,22
Ryan Gravenberch,14-12-2024,Home,Liverpool,Fulham,Premier League,D 2-2,Y,90,MF,79,1.9,22
Ryan Gravenberch,10-12-2024,Away,Liverpool,Girona,Champions League,W 1-0,Y,90,MF,79,1.9,22
Ryan Gravenberch,04-12-2024,Away,Liverpool,Newcastle Utd,Premier League,D 3-3,Y,66,MF,79,1.9,22
Ryan Gravenberch,01-12-2024,Home,Liverpool,Manchester City,Premier League,W 2-0,Y,90,MF,79,1.9,22
Ryan Gravenberch,27-11-2024,Home,Liverpool,Real Madrid,Champions League,W 2-0,Y,90,MF,79,1.9,22
Ryan Gravenberch,24-11-2024,Away,Liverpool,Southampton,Premier League,W 3-2,Y,90,MF,79,1.9,22
Ryan Gravenberch,09-11-2024,Home,Liverpool,Aston Villa,Premier League,W 2-0,Y,90,MF,79,1.9,22
Ryan Gravenberch,05-11-2024,Home,Liverpool,Leverkusen,Champions League,W 4-0,Y,90,MF,79,1.9,22
Ryan Gravenberch,02-11-2024,Home,Liverpool,Brighton,Premier League,W 2-1,Y,90,MF,79,1.9,22
Ryan Gravenberch,27-10-2024,Away,Liverpool,Arsenal,Premier League,D 2-2,Y,90,MF,79,1.9,22
Ryan Gravenberch,23-10-2024,Away,Liverpool,RB Leipzig,Champions League,W 1-0,Y,90,MF,79,1.9,22
Ryan Gravenberch,20-10-2024,Home,Liverpool,Chelsea,Premier League,W 2-1,Y,90,MF,79,1.9,22
Ryan Gravenberch,05-10-2024,Away,Liverpool,Crystal Palace,Premier League,W 1-0,Y,90,MF,79,1.9,22
Ryan Gravenberch,02-10-2024,Home,Liverpool,Bologna,Champions League,W 2-0,Y,90,MF,79,1.9,22
Ryan Gravenberch,28-09-2024,Away,Liverpool,Wolves,Premier League,W 2-1,Y,90,MF,79,1.9,22
Ryan Gravenberch,21-09-2024,Home,Liverpool,Bournemouth,Premier League,W 3-0,Y,90,MF,79,1.9,22
Ryan Gravenberch,17-09-2024,Away,Liverpool,Milan,Champions League,W 3-1,Y,90,MF,79,1.9,22
Ryan Gravenberch,14-09-2024,Home,Liverpool,Nott'ham Forest,Premier League,L 0-1,Y,90,MF,79,1.9,22
Ryan Gravenberch,01-09-2024,Away,Liverpool,Manchester Utd,Premier League,W 3-0,Y,90,MF,79,1.9,22
Ryan Gravenberch,25-08-2024,Home,Liverpool,Brentford,Premier League,W 2-0,Y,89,MF,79,1.9,22
Ryan Gravenberch,17-08-2024,Away,Liverpool,Ipswich Town,Premier League,W 2-0,Y,90,MF,79,1.9,22
Ryan Gravenberch,19-05-2024,Home,Liverpool,Wolves,Premier League,W 2-0,N,21,MF,79,1.9,21
Ryan Gravenberch,13-05-2024,Away,Liverpool,Aston Villa,Premier League,D 3-3,N,16,MF,79,1.9,21
Ryan Gravenberch,05-05-2024,Home,Liverpool,Tottenham,Premier League,W 4-2,N,16,MF,79,1.9,21
Ryan Gravenberch,27-04-2024,Away,Liverpool,West Ham,Premier League,D 2-2,Y,90,MF,79,1.9,21
Ryan Gravenberch,21-04-2024,Away,Liverpool,Fulham,Premier League,W 3-1,Y,73,MF,79,1.9,21
Ryan Gravenberch,04-04-2024,Home,Liverpool,Sheffield Utd,Premier League,W 3-1,Y,59,MF,79,1.9,21
Ryan Gravenberch,31-03-2024,Home,Liverpool,Brighton,Premier League,W 2-1,N,1,MF,79,1.9,21
Ryan Gravenberch,25-02-2024,Away,Liverpool,Chelsea,EFL Cup,W 1-0 (aet),Y,27,MF,79,1.9,21
Ryan Gravenberch,21-02-2024,Home,Liverpool,Luton Town,Premier League,W 4-1,Y,77,MF,79,1.9,21
Ryan Gravenberch,17-02-2024,Away,Liverpool,Brentford,Premier League,W 4-1,N,57,MF,79,1.9,21
Ryan Gravenberch,04-02-2024,Away,Liverpool,Arsenal,Premier League,L 1-3,Y,57,MF,79,1.9,21
Ryan Gravenberch,28-01-2024,Home,Liverpool,Norwich City,FA Cup,W 5-2,Y,90,MF,79,1.9,21
Ryan Gravenberch,24-01-2024,Away,Liverpool,Fulham,EFL Cup,D 1-1,Y,83,MF,79,1.9,21
Ryan Gravenberch,21-01-2024,Away,Liverpool,Bournemouth,Premier League,W 4-0,N,27,MF,79,1.9,21
Ryan Gravenberch,10-01-2024,Home,Liverpool,Fulham,EFL Cup,W 2-1,Y,55,MF,79,1.9,21
Ryan Gravenberch,07-01-2024,Away,Liverpool,Arsenal,FA Cup,W 2-0,N,32,MF,79,1.9,21
Ryan Gravenberch,01-01-2024,Home,Liverpool,Newcastle Utd,Premier League,W 4-2,N,27,MF,79,1.9,21
Ryan Gravenberch,26-12-2023,Away,Liverpool,Burnley,Premier League,W 2-0,Y,65,MF,79,1.9,21
Ryan Gravenberch,23-12-2023,Home,Liverpool,Arsenal,Premier League,D 1-1,N,23,MF,79,1.9,21
Ryan Gravenberch,17-12-2023,Home,Liverpool,Manchester Utd,Premier League,D 0-0,Y,60,MF,79,1.9,21
Ryan Gravenberch,14-12-2023,Away,Liverpool,Union SG,Europa League,L 1-2,N,45,MF,79,1.9,21
Ryan Gravenberch,09-12-2023,Away,Liverpool,Crystal Palace,Premier League,W 2-1,Y,56,MF,79,1.9,21
Ryan Gravenberch,06-12-2023,Away,Liverpool,Sheffield Utd,Premier League,W 2-0,N,5,MF,79,1.9,21
Ryan Gravenberch,03-12-2023,Home,Liverpool,Fulham,Premier League,W 4-3,Y,82,MF,79,1.9,21
Ryan Gravenberch,30-11-2023,Home,Liverpool,LASK,Europa League,W 4-0,Y,81,MF,79,1.9,21
Ryan Gravenberch,25-11-2023,Away,Liverpool,Manchester City,Premier League,D 1-1,N,37,MF,79,1.9,21
Ryan Gravenberch,05-11-2023,Away,Liverpool,Luton Town,Premier League,D 1-1,Y,82,MF,79,1.9,21
Ryan Gravenberch,01-11-2023,Away,Liverpool,Bournemouth,EFL Cup,W 2-1,N,15,MF,79,1.9,21
Ryan Gravenberch,29-10-2023,Home,Liverpool,Nott'ham Forest,Premier League,W 3-0,Y,58,MF,79,1.9,21
Ryan Gravenberch,26-10-2023,Home,Liverpool,Toulouse,Europa League,W 5-1,Y,69,MF,79,1.9,21
Ryan Gravenberch,21-10-2023,Home,Liverpool,Everton,Premier League,W 2-0,Y,61,MF,79,1.9,21
Ryan Gravenberch,08-10-2023,Away,Liverpool,Brighton,Premier League,D 2-2,N,45,MF,79,1.9,21
Ryan Gravenberch,05-10-2023,Home,Liverpool,Union SG,Europa League,W 2-0,Y,78,MF,79,1.9,21
Ryan Gravenberch,30-09-2023,Away,Liverpool,Tottenham,Premier League,L 1-2,N,11,MF,79,1.9,21
Ryan Gravenberch,27-09-2023,Home,Liverpool,Leicester City,EFL Cup,W 3-1,Y,64,MF,79,1.9,21
Ryan Gravenberch,24-09-2023,Home,Liverpool,West Ham,Premier League,W 3-1,N,14,MF,79,1.9,21
Ryan Gravenberch,21-09-2023,Away,Liverpool,LASK,Europa League,W 3-1,Y,73,MF,79,1.9,21
Ryan Gravenberch,16-09-2023,Away,Liverpool,Wolves,Premier League,W 3-1,N,1,MF,79,1.9,21
Stefan Bajcetic,05-05-2024,Home,Liverpool,Tottenham,Premier League,W 4-2,N,26,MF,77,1.85,18
Stefan Bajcetic,27-09-2023,Home,Liverpool,Leicester City,EFL Cup,W 3-1,N,12,MF,77,1.85,18
Stefan Bajcetic,21-09-2023,Away,Liverpool,LASK,Europa League,W 3-1,Y,60,DF,77,1.85,18
Stefan Bajcetic,11-03-2023,Away,Liverpool,Bournemouth,Premier League,L 0-1,Y,87,MF,77,1.85,17
Stefan Bajcetic,05-03-2023,Home,Liverpool,Manchester Utd,Premier League,W 7-0,N,13,MF,77,1.85,17
Stefan Bajcetic,01-03-2023,Home,Liverpool,Wolves,Premier League,W 2-0,Y,78,MF,77,1.85,17
Stefan Bajcetic,25-02-2023,Away,Liverpool,Crystal Palace,Premier League,D 0-0,N,7,MF,77,1.85,17
Stefan Bajcetic,21-02-2023,Home,Liverpool,Real Madrid,Champions League,L 2-5,Y,84,MF,77,1.85,17
Stefan Bajcetic,18-02-2023,Away,Liverpool,Newcastle Utd,Premier League,W 2-0,Y,58,MF,77,1.85,17
Stefan Bajcetic,13-02-2023,Home,Liverpool,Everton,Premier League,W 2-0,Y,89,MF,77,1.85,17
Stefan Bajcetic,04-02-2023,Away,Liverpool,Wolves,Premier League,L 0-3,Y,75,MF,77,1.85,17
Stefan Bajcetic,29-01-2023,Away,Liverpool,Brighton,FA Cup,L 1-2,Y,84,MF,77,1.85,17
Stefan Bajcetic,21-01-2023,Home,Liverpool,Chelsea,Premier League,D 0-0,Y,81,MF,77,1.85,17
Stefan Bajcetic,17-01-2023,Away,Liverpool,Wolves,FA Cup,W 1-0,Y,74,MF,77,1.85,17
Stefan Bajcetic,30-12-2022,Home,Liverpool,Leicester City,Premier League,W 2-1,N,5,MF,77,1.85,17
Stefan Bajcetic,26-12-2022,Away,Liverpool,Aston Villa,Premier League,W 3-1,N,12,MF,77,1.85,17
Stefan Bajcetic,22-12-2022,Away,Liverpool,Manchester City,EFL Cup,L 2-3,Y,45,MF,77,1.85,17
Stefan Bajcetic,09-11-2022,Home,Liverpool,Derby County,EFL Cup,D 0-0 (pk),Y,120,MF,77,1.85,17
Stefan Bajcetic,01-11-2022,Home,Liverpool,Napoli,Champions League,W 2-0,N,4,MF,77,1.85,17
Stefan Bajcetic,26-10-2022,Away,Liverpool,Ajax,Champions League,W 3-0,N,20,MF,77,1.85,17
Stefan Bajcetic,13-09-2022,Home,Liverpool,Ajax,Champions League,W 2-1,N,1,MF,77,1.85,17
Stefan Bajcetic,27-08-2022,Home,Liverpool,Bournemouth,Premier League,W 9-0,N,21,MF,77,1.85,17
Thiago Alcantara,04-02-2024,Away,Liverpool,Arsenal,Premier League,L 1-3,N,6,MF,60,1.72,32
Thiago Alcantara,26-04-2023,Away,Liverpool,West Ham,Premier League,W 2-1,N,32,MF,60,1.72,31
Thiago Alcantara,22-04-2023,Home,Liverpool,Nott'ham Forest,Premier League,W 3-2,N,31,MF,60,1.72,31
Thiago Alcantara,17-04-2023,Away,Liverpool,Leeds United,Premier League,W 6-1,N,6,MF,60,1.72,31
Thiago Alcantara,09-04-2023,Home,Liverpool,Arsenal,Premier League,D 2-2,N,31,MF,60,1.72,31
Thiago Alcantara,04-02-2023,Away,Liverpool,Wolves,Premier League,L 0-3,Y,84,MF,60,1.72,31
Thiago Alcantara,29-01-2023,Away,Liverpool,Brighton,FA Cup,L 1-2,Y,78,MF,60,1.72,31
Thiago Alcantara,21-01-2023,Home,Liverpool,Chelsea,Premier League,D 0-0,Y,90,MF,60,1.72,31
Thiago Alcantara,17-01-2023,Away,Liverpool,Wolves,FA Cup,W 1-0,Y,74,MF,60,1.72,31
Thiago Alcantara,14-01-2023,Away,Liverpool,Brighton,Premier League,L 0-3,Y,90,MF,60,1.72,31
Thiago Alcantara,07-01-2023,Home,Liverpool,Wolves,FA Cup,D 2-2,Y,90,MF,60,1.72,31
Thiago Alcantara,02-01-2023,Away,Liverpool,Brentford,Premier League,L 1-3,Y,90,MF,60,1.72,31
Thiago Alcantara,30-12-2022,Home,Liverpool,Leicester City,Premier League,W 2-1,Y,90,MF,60,1.72,31
Thiago Alcantara,26-12-2022,Away,Liverpool,Aston Villa,Premier League,W 3-1,Y,66,MF,60,1.72,31
Thiago Alcantara,22-12-2022,Away,Liverpool,Manchester City,EFL Cup,L 2-3,Y,69,MF,60,1.72,31
Thiago Alcantara,12-11-2022,Home,Liverpool,Southampton,Premier League,W 3-1,Y,90,MF,60,1.72,31
Thiago Alcantara,06-11-2022,Away,Liverpool,Tottenham,Premier League,W 2-1,Y,90,MF,60,1.72,31
Thiago Alcantara,01-11-2022,Home,Liverpool,Napoli,Champions League,W 2-0,Y,86,MF,60,1.72,31
Thiago Alcantara,29-10-2022,Home,Liverpool,Leeds United,Premier League,L 1-2,Y,90,MF,60,1.72,31
Thiago Alcantara,19-10-2022,Home,Liverpool,West Ham,Premier League,W 1-0,Y,56,MF,60,1.72,31
Thiago Alcantara,16-10-2022,Home,Liverpool,Manchester City,Premier League,W 1-0,Y,90,MF,60,1.72,31
Thiago Alcantara,12-10-2022,Away,Liverpool,Rangers,Champions League,W 7-1,N,23,MF,60,1.72,31
Thiago Alcantara,09-10-2022,Away,Liverpool,Arsenal,Premier League,L 2-3,Y,90,MF,60,1.72,31
Thiago Alcantara,04-10-2022,Home,Liverpool,Rangers,Champions League,W 2-0,Y,79,MF,60,1.72,31
Thiago Alcantara,01-10-2022,Home,Liverpool,Brighton,Premier League,D 3-3,Y,88,MF,60,1.72,31
Thiago Alcantara,13-09-2022,Home,Liverpool,Ajax,Champions League,W 2-1,Y,89,MF,60,1.72,31
Thiago Alcantara,07-09-2022,Away,Liverpool,Napoli,Champions League,L 1-4,N,29,MF,60,1.72,31
Thiago Alcantara,06-08-2022,Away,Liverpool,Fulham,Premier League,D 2-2,Y,50,MF,60,1.72,31
Thiago Alcantara,30-07-2022,Neutral,Liverpool,Manchester City,FA Community Shield,W 3-1,Y,84,MF,60,1.72,30
Trent Alexander-Arnold,25-05-2025,Home,Liverpool,Crystal Palace,Premier League,D 1-1,N,45,DF,69,1.75,25
Trent Alexander-Arnold,11-05-2025,Home,Liverpool,Arsenal,Premier League,D 2-2,N,24,DF,69,1.75,25
Trent Alexander-Arnold,04-05-2025,Away,Liverpool,Chelsea,Premier League,L 1-3,Y,56,DF,69,1.75,25
Trent Alexander-Arnold,27-04-2025,Home,Liverpool,Tottenham,Premier League,W 5-1,Y,75,DF,69,1.75,25
Trent Alexander-Arnold,20-04-2025,Away,Liverpool,Leicester City,Premier League,W 1-0,N,20,DF,69,1.75,25
Trent Alexander-Arnold,11-03-2025,Home,Liverpool,Paris S-G,Champions League,L 0-1 (pk),Y,72,DF,69,1.75,25
Trent Alexander-Arnold,08-03-2025,Home,Liverpool,Southampton,Premier League,W 3-1,Y,88,DF,69,1.75,25
Trent Alexander-Arnold,05-03-2025,Away,Liverpool,Paris S-G,Champions League,W 1-0 (pk),Y,90,DF,69,1.75,25
Trent Alexander-Arnold,26-02-2025,Home,Liverpool,Newcastle Utd,Premier League,W 2-0,Y,76,DF,69,1.75,25
Trent Alexander-Arnold,23-02-2025,Away,Liverpool,Manchester City,Premier League,W 2-0,Y,89,DF,69,1.75,25
Trent Alexander-Arnold,19-02-2025,Away,Liverpool,Aston Villa,Premier League,D 2-2,Y,65,DF,69,1.75,25
Trent Alexander-Arnold,16-02-2025,Home,Liverpool,Wolves,Premier League,W 2-1,Y,63,DF,69,1.75,25
Trent Alexander-Arnold,12-02-2025,Away,Liverpool,Everton,Premier League,D 2-2,N,30,DF,69,1.75,25
Trent Alexander-Arnold,01-02-2025,Away,Liverpool,Bournemouth,Premier League,W 2-0,Y,69,DF,69,1.75,25
Trent Alexander-Arnold,25-01-2025,Home,Liverpool,Ipswich Town,Premier League,W 4-1,Y,90,DF,69,1.75,25
Trent Alexander-Arnold,21-01-2025,Home,Liverpool,Lille,Champions League,W 2-1,N,5,DF,69,1.75,25
Trent Alexander-Arnold,18-01-2025,Away,Liverpool,Brentford,Premier League,W 2-0,Y,90,DF,69,1.75,25
Trent Alexander-Arnold,14-01-2025,Away,Liverpool,Nott'ham Forest,Premier League,D 1-1,Y,90,DF,69,1.75,25
Trent Alexander-Arnold,11-01-2025,Home,Liverpool,Acc'ton Stanley,FA Cup,W 4-0,Y,59,DF,69,1.75,25
Trent Alexander-Arnold,08-01-2025,Away,Liverpool,Tottenham,EFL Cup,L 0-1,N,31,DF,69,1.75,25
Trent Alexander-Arnold,05-01-2025,Home,Liverpool,Manchester Utd,Premier League,D 2-2,Y,85,DF,69,1.75,25
Trent Alexander-Arnold,29-12-2024,Away,Liverpool,West Ham,Premier League,W 5-0,Y,90,DF,69,1.75,25
Trent Alexander-Arnold,26-12-2024,Home,Liverpool,Leicester City,Premier League,W 3-1,Y,90,DF,69,1.75,25
Trent Alexander-Arnold,22-12-2024,Away,Liverpool,Tottenham,Premier League,W 6-3,Y,90,DF,69,1.75,25
Trent Alexander-Arnold,18-12-2024,Away,Liverpool,Southampton,EFL Cup,W 2-1,Y,45,DF,69,1.75,25
Trent Alexander-Arnold,14-12-2024,Home,Liverpool,Fulham,Premier League,D 2-2,Y,78,DF,69,1.75,25
Trent Alexander-Arnold,10-12-2024,Away,Liverpool,Girona,Champions League,W 1-0,Y,90,DF,69,1.75,25
Trent Alexander-Arnold,04-12-2024,Away,Liverpool,Newcastle Utd,Premier League,D 3-3,N,24,DF,69,1.75,25
Trent Alexander-Arnold,01-12-2024,Home,Liverpool,Manchester City,Premier League,W 2-0,Y,72,DF,69,1.75,25
Trent Alexander-Arnold,09-11-2024,Home,Liverpool,Aston Villa,Premier League,W 2-0,Y,24,DF,69,1.75,25
Trent Alexander-Arnold,05-11-2024,Home,Liverpool,Leverkusen,Champions League,W 4-0,Y,80,DF,69,1.75,25
Trent Alexander-Arnold,02-11-2024,Home,Liverpool,Brighton,Premier League,W 2-1,Y,90,DF,69,1.75,25
Trent Alexander-Arnold,27-10-2024,Away,Liverpool,Arsenal,Premier League,D 2-2,Y,90,DF,69,1.75,25
Trent Alexander-Arnold,23-10-2024,Away,Liverpool,RB Leipzig,Champions League,W 1-0,Y,74,DF,69,1.75,25
Trent Alexander-Arnold,20-10-2024,Home,Liverpool,Chelsea,Premier League,W 2-1,Y,80,DF,69,1.75,25
Trent Alexander-Arnold,05-10-2024,Away,Liverpool,Crystal Palace,Premier League,W 1-0,Y,90,DF,69,1.75,25
Trent Alexander-Arnold,02-10-2024,Home,Liverpool,Bologna,Champions League,W 2-0,Y,84,DF,69,1.75,25
Trent Alexander-Arnold,28-09-2024,Away,Liverpool,Wolves,Premier League,W 2-1,Y,90,DF,69,1.75,25
Trent Alexander-Arnold,21-09-2024,Home,Liverpool,Bournemouth,Premier League,W 3-0,Y,90,DF,69,1.75,25
Trent Alexander-Arnold,17-09-2024,Away,Liverpool,Milan,Champions League,W 3-1,Y,78,DF,69,1.75,25
Trent Alexander-Arnold,14-09-2024,Home,Liverpool,Nott'ham Forest,Premier League,L 0-1,Y,90,DF,69,1.75,25
Trent Alexander-Arnold,01-09-2024,Away,Liverpool,Manchester Utd,Premier League,W 3-0,Y,75,DF,69,1.75,25
Trent Alexander-Arnold,25-08-2024,Home,Liverpool,Brentford,Premier League,W 2-0,Y,71,DF,69,1.75,25
Trent Alexander-Arnold,17-08-2024,Away,Liverpool,Ipswich Town,Premier League,W 2-0,Y,76,DF,69,1.75,25
Trent Alexander-Arnold,19-05-2024,Home,Liverpool,Wolves,Premier League,W 2-0,Y,70,DF,69,1.75,24
Trent Alexander-Arnold,13-05-2024,Away,Liverpool,Aston Villa,Premier League,D 3-3,Y,90,DF,69,1.75,24
Trent Alexander-Arnold,05-05-2024,Home,Liverpool,Tottenham,Premier League,W 4-2,Y,90,DF,69,1.75,24
Trent Alexander-Arnold,27-04-2024,Away,Liverpool,West Ham,Premier League,D 2-2,Y,78,DF,69,1.75,24
Trent Alexander-Arnold,24-04-2024,Away,Liverpool,Everton,Premier League,L 0-2,Y,83,DF,69,1.75,24
Trent Alexander-Arnold,21-04-2024,Away,Liverpool,Fulham,Premier League,W 3-1,Y,79,DF,69,1.75,24
Trent Alexander-Arnold,18-04-2024,Away,Liverpool,Atalanta,Europa League,W 1-0,Y,71,DF,69,1.75,24
Trent Alexander-Arnold,14-04-2024,Home,Liverpool,Crystal Palace,Premier League,L 0-1,N,43,DF,69,1.75,24
Trent Alexander-Arnold,10-02-2024,Home,Liverpool,Burnley,Premier League,W 3-1,Y,45,DF,69,1.75,24
Trent Alexander-Arnold,04-02-2024,Away,Liverpool,Arsenal,Premier League,L 1-3,Y,57,DF,69,1.75,24
Trent Alexander-Arnold,31-01-2024,Home,Liverpool,Chelsea,Premier League,W 4-1,N,23,DF,69,1.75,24
Trent Alexander-Arnold,28-01-2024,Home,Liverpool,Norwich City,FA Cup,W 5-2,N,25,DF,69,1.75,24
Trent Alexander-Arnold,07-01-2024,Away,Liverpool,Arsenal,FA Cup,W 2-0,Y,90,DF,69,1.75,24
Trent Alexander-Arnold,01-01-2024,Home,Liverpool,Newcastle Utd,Premier League,W 4-2,Y,90,DF,69,1.75,24
Trent Alexander-Arnold,26-12-2023,Away,Liverpool,Burnley,Premier League,W 2-0,Y,90,DF,69,1.75,24
Trent Alexander-Arnold,23-12-2023,Home,Liverpool,Arsenal,Premier League,D 1-1,Y,90,DF,69,1.75,24
Trent Alexander-Arnold,20-12-2023,Home,Liverpool,West Ham,EFL Cup,W 5-1,N,31,DF,69,1.75,24
Trent Alexander-Arnold,17-12-2023,Home,Liverpool,Manchester Utd,Premier League,D 0-0,Y,90,DF,69,1.75,24
Trent Alexander-Arnold,09-12-2023,Away,Liverpool,Crystal Palace,Premier League,W 2-1,Y,90,DF,69,1.75,24
Trent Alexander-Arnold,06-12-2023,Away,Liverpool,Sheffield Utd,Premier League,W 2-0,Y,90,DF,69,1.75,24
Trent Alexander-Arnold,03-12-2023,Home,Liverpool,Fulham,Premier League,W 4-3,Y,90,DF,69,1.75,24
Trent Alexander-Arnold,30-11-2023,Home,Liverpool,LASK,Europa League,W 4-0,N,35,DF,69,1.75,24
Trent Alexander-Arnold,25-11-2023,Away,Liverpool,Manchester City,Premier League,D 1-1,Y,90,DF,69,1.75,24
Trent Alexander-Arnold,12-11-2023,Home,Liverpool,Brentford,Premier League,W 3-0,Y,89,DF,69,1.75,24
Trent Alexander-Arnold,09-11-2023,Away,Liverpool,Toulouse,Europa League,L 2-3,N,45,DF,69,1.75,24
Trent Alexander-Arnold,05-11-2023,Away,Liverpool,Luton Town,Premier League,D 1-1,Y,90,DF,69,1.75,24
Trent Alexander-Arnold,01-11-2023,Away,Liverpool,Bournemouth,EFL Cup,W 2-1,N,30,DF,69,1.75,24
Trent Alexander-Arnold,29-10-2023,Home,Liverpool,Nott'ham Forest,Premier League,W 3-0,Y,88,DF,69,1.75,24
Trent Alexander-Arnold,26-10-2023,Home,Liverpool,Toulouse,Europa League,W 5-1,Y,65,DF,69,1.75,24
Trent Alexander-Arnold,21-10-2023,Home,Liverpool,Everton,Premier League,W 2-0,Y,90,DF,69,1.75,24
Trent Alexander-Arnold,08-10-2023,Away,Liverpool,Brighton,Premier League,D 2-2,Y,79,DF,69,1.75,24
Trent Alexander-Arnold,05-10-2023,Home,Liverpool,Union SG,Europa League,W 2-0,Y,62,DF,69,1.75,24
Trent Alexander-Arnold,30-09-2023,Away,Liverpool,Tottenham,Premier League,L 1-2,N,17,DF,69,1.75,24
Trent Alexander-Arnold,03-09-2023,Home,Liverpool,Aston Villa,Premier League,W 3-0,Y,70,DF,69,1.75,24
Trent Alexander-Arnold,27-08-2023,Away,Liverpool,Newcastle Utd,Premier League,W 2-1,Y,90,DF,69,1.75,24
Trent Alexander-Arnold,19-08-2023,Home,Liverpool,Bournemouth,Premier League,W 3-1,Y,74,DF,69,1.75,24
Trent Alexander-Arnold,13-08-2023,Away,Liverpool,Chelsea,Premier League,D 1-1,Y,90,DF,69,1.75,24
Trent Alexander-Arnold,28-05-2023,Away,Liverpool,Southampton,Premier League,D 4-4,Y,90,DF,69,1.75,23
Trent Alexander-Arnold,20-05-2023,Home,Liverpool,Aston Villa,Premier League,D 1-1,Y,90,DF,69,1.75,23
Trent Alexander-Arnold,15-05-2023,Away,Liverpool,Leicester City,Premier League,W 3-0,Y,90,DF,69,1.75,23
Trent Alexander-Arnold,06-05-2023,Home,Liverpool,Brentford,Premier League,W 1-0,Y,90,DF,69,1.75,23
Trent Alexander-Arnold,03-05-2023,Home,Liverpool,Fulham,Premier League,W 1-0,Y,90,DF,69,1.75,23
Trent Alexander-Arnold,30-04-2023,Home,Liverpool,Tottenham,Premier League,W 4-3,Y,90,DF,69,1.75,23
Trent Alexander-Arnold,26-04-2023,Away,Liverpool,West Ham,Premier League,W 2-1,Y,90,DF,69,1.75,23
Trent Alexander-Arnold,22-04-2023,Home,Liverpool,Nott'ham Forest,Premier League,W 3-2,Y,90,DF,69,1.75,23
Trent Alexander-Arnold,17-04-2023,Away,Liverpool,Leeds United,Premier League,W 6-1,Y,90,DF,69,1.75,23
Trent Alexander-Arnold,09-04-2023,Home,Liverpool,Arsenal,Premier League,D 2-2,Y,90,DF,69,1.75,23
Trent Alexander-Arnold,01-04-2023,Away,Liverpool,Manchester City,Premier League,L 1-4,Y,90,DF,69,1.75,23
Trent Alexander-Arnold,15-03-2023,Away,Liverpool,Real Madrid,Champions League,L 0-1,Y,90,DF,69,1.75,23
Trent Alexander-Arnold,11-03-2023,Away,Liverpool,Bournemouth,Premier League,L 0-1,Y,64,DF,69,1.75,23
Trent Alexander-Arnold,05-03-2023,Home,Liverpool,Manchester Utd,Premier League,W 7-0,Y,90,DF,69,1.75,23
Trent Alexander-Arnold,01-03-2023,Home,Liverpool,Wolves,Premier League,W 2-0,Y,88,DF,69,1.75,23
Trent Alexander-Arnold,25-02-2023,Away,Liverpool,Crystal Palace,Premier League,D 0-0,Y,70,DF,69,1.75,23
Trent Alexander-Arnold,21-02-2023,Home,Liverpool,Real Madrid,Champions League,L 2-5,Y,90,DF,69,1.75,23
Trent Alexander-Arnold,18-02-2023,Away,Liverpool,Newcastle Utd,Premier League,W 2-0,Y,90,DF,69,1.75,23
Trent Alexander-Arnold,13-02-2023,Home,Liverpool,Everton,Premier League,W 2-0,Y,90,DF,69,1.75,23
Trent Alexander-Arnold,04-02-2023,Away,Liverpool,Wolves,Premier League,L 0-3,Y,90,DF,69,1.75,23
Trent Alexander-Arnold,29-01-2023,Away,Liverpool,Brighton,FA Cup,L 1-2,Y,58,DF,69,1.75,23
Trent Alexander-Arnold,21-01-2023,Home,Liverpool,Chelsea,Premier League,D 0-0,N,19,DF,69,1.75,23
Trent Alexander-Arnold,14-01-2023,Away,Liverpool,Brighton,Premier League,L 0-3,Y,90,DF,69,1.75,23
Trent Alexander-Arnold,07-01-2023,Home,Liverpool,Wolves,FA Cup,D 2-2,Y,84,DF,69,1.75,23
Trent Alexander-Arnold,02-01-2023,Away,Liverpool,Brentford,Premier League,L 1-3,Y,90,DF,69,1.75,23
Trent Alexander-Arnold,30-12-2022,Home,Liverpool,Leicester City,Premier League,W 2-1,Y,85,DF,69,1.75,23
Trent Alexander-Arnold,26-12-2022,Away,Liverpool,Aston Villa,Premier League,W 3-1,Y,78,DF,69,1.75,23
Trent Alexander-Arnold,12-11-2022,Home,Liverpool,Southampton,Premier League,W 3-1,Y,86,DF,69,1.75,23
Trent Alexander-Arnold,06-11-2022,Away,Liverpool,Tottenham,Premier League,W 2-1,Y,90,DF,69,1.75,23
Trent Alexander-Arnold,01-11-2022,Home,Liverpool,Napoli,Champions League,W 2-0,Y,86,DF,69,1.75,23
Trent Alexander-Arnold,29-10-2022,Home,Liverpool,Leeds United,Premier League,L 1-2,Y,78,DF,69,1.75,23
Trent Alexander-Arnold,26-10-2022,Away,Liverpool,Ajax,Champions League,W 3-0,Y,90,DF,69,1.75,23
Trent Alexander-Arnold,22-10-2022,Away,Liverpool,Nott'ham Forest,Premier League,L 0-1,N,29,DF,69,1.75,23
Trent Alexander-Arnold,19-10-2022,Home,Liverpool,West Ham,Premier League,W 1-0,Y,90,DF,69,1.75,23
Trent Alexander-Arnold,16-10-2022,Home,Liverpool,Manchester City,Premier League,W 1-0,N,1,DF,69,1.75,23
Trent Alexander-Arnold,09-10-2022,Away,Liverpool,Arsenal,Premier League,L 2-3,Y,45,DF,69,1.75,23
Trent Alexander-Arnold,04-10-2022,Home,Liverpool,Rangers,Champions League,W 2-0,Y,89,DF,69,1.75,23
Trent Alexander-Arnold,01-10-2022,Home,Liverpool,Brighton,Premier League,D 3-3,Y,90,DF,69,1.75,23
Trent Alexander-Arnold,13-09-2022,Home,Liverpool,Ajax,Champions League,W 2-1,Y,90,DF,69,1.75,23
Trent Alexander-Arnold,07-09-2022,Away,Liverpool,Napoli,Champions League,L 1-4,Y,90,DF,69,1.75,23
Trent Alexander-Arnold,03-09-2022,Away,Liverpool,Everton,Premier League,D 0-0,Y,58,DF,69,1.75,23
Trent Alexander-Arnold,31-08-2022,Home,Liverpool,Newcastle Utd,Premier League,W 2-1,Y,70,DF,69,1.75,23
Trent Alexander-Arnold,27-08-2022,Home,Liverpool,Bournemouth,Premier League,W 9-0,Y,82,DF,69,1.75,23
Trent Alexander-Arnold,22-08-2022,Away,Liverpool,Manchester Utd,Premier League,L 1-2,Y,90,DF,69,1.75,23
Trent Alexander-Arnold,15-08-2022,Home,Liverpool,Crystal Palace,Premier League,D 1-1,Y,90,DF,69,1.75,23
Trent Alexander-Arnold,06-08-2022,Away,Liverpool,Fulham,Premier League,D 2-2,Y,90,DF,69,1.75,23
Trent Alexander-Arnold,30-07-2022,Neutral,Liverpool,Manchester City,FA Community Shield,W 3-1,Y,73,DF,69,1.75,22
Trey Nyoni,09-02-2025,Away,Liverpool,Plymouth Argyle,FA Cup,L 0-1,Y,75,MF,75,1.8,17
Trey Nyoni,29-01-2025,Away,Liverpool,PSV Eindhoven,Champions League,L 2-3,N,27,"MF,FW",75,1.8,17
Trey Nyoni,11-01-2025,Home,Liverpool,Acc'ton Stanley,FA Cup,W 4-0,N,12,MF,75,1.8,17
Trey Nyoni,18-12-2024,Away,Liverpool,Southampton,EFL Cup,W 2-1,Y,85,MF,75,1.8,17
Trey Nyoni,30-10-2024,Away,Liverpool,Brighton,EFL Cup,W 3-2,N,27,MF,75,1.8,17
Trey Nyoni,28-02-2024,Home,Liverpool,Southampton,FA Cup,W 3-0,N,13,MF,75,1.8,16
Tyler Morton,29-01-2025,Away,Liverpool,PSV Eindhoven,Champions League,L 2-3,N,39,MF,67,1.78,21
Tyler Morton,11-01-2025,Home,Liverpool,Acc'ton Stanley,FA Cup,W 4-0,Y,59,MF,67,1.78,21
Tyler Morton,18-12-2024,Away,Liverpool,Southampton,EFL Cup,W 2-1,Y,90,MF,67,1.78,21
Tyler Morton,30-10-2024,Away,Liverpool,Brighton,EFL Cup,W 3-2,Y,63,MF,67,1.78,21
Tyler Morton,25-09-2024,Home,Liverpool,West Ham,EFL Cup,W 5-1,N,9,MF,67,1.78,21
Virgil van Dijk,25-05-2025,Home,Liverpool,Crystal Palace,Premier League,D 1-1,Y,90,DF,87,1.93,33
Virgil van Dijk,11-05-2025,Home,Liverpool,Arsenal,Premier League,D 2-2,Y,90,DF,87,1.93,33
Virgil van Dijk,04-05-2025,Away,Liverpool,Chelsea,Premier League,L 1-3,Y,90,DF,87,1.93,33
Virgil van Dijk,27-04-2025,Home,Liverpool,Tottenham,Premier League,W 5-1,Y,90,DF,87,1.93,33
Virgil van Dijk,20-04-2025,Away,Liverpool,Leicester City,Premier League,W 1-0,Y,90,DF,87,1.93,33
Virgil van Dijk,13-04-2025,Home,Liverpool,West Ham,Premier League,W 2-1,Y,90,DF,87,1.93,33
Virgil van Dijk,06-04-2025,Away,Liverpool,Fulham,Premier League,L 2-3,Y,90,DF,87,1.93,33
Virgil van Dijk,02-04-2025,Home,Liverpool,Everton,Premier League,W 1-0,Y,90,DF,87,1.93,33
Virgil van Dijk,16-03-2025,Neutral,Liverpool,Newcastle Utd,EFL Cup,L 1-2,Y,90,DF,87,1.93,33
Virgil van Dijk,11-03-2025,Home,Liverpool,Paris S-G,Champions League,L 0-1 (pk),Y,120,DF,87,1.93,33
Virgil van Dijk,08-03-2025,Home,Liverpool,Southampton,Premier League,W 3-1,Y,90,DF,87,1.93,33
Virgil van Dijk,05-03-2025,Away,Liverpool,Paris S-G,Champions League,W 1-0 (pk),Y,90,DF,87,1.93,33
Virgil van Dijk,26-02-2025,Home,Liverpool,Newcastle Utd,Premier League,W 2-0,Y,90,DF,87,1.93,33
Virgil van Dijk,23-02-2025,Away,Liverpool,Manchester City,Premier League,W 2-0,Y,90,DF,87,1.93,33
Virgil van Dijk,19-02-2025,Away,Liverpool,Aston Villa,Premier League,D 2-2,Y,90,DF,87,1.93,33
Virgil van Dijk,16-02-2025,Home,Liverpool,Wolves,Premier League,W 2-1,Y,90,DF,87,1.93,33
Virgil van Dijk,12-02-2025,Away,Liverpool,Everton,Premier League,D 2-2,Y,90,DF,87,1.93,33
Virgil van Dijk,06-02-2025,Home,Liverpool,Tottenham,EFL Cup,W 4-0,Y,86,DF,87,1.93,33
Virgil van Dijk,01-02-2025,Away,Liverpool,Bournemouth,Premier League,W 2-0,Y,90,DF,87,1.93,33
Virgil van Dijk,25-01-2025,Home,Liverpool,Ipswich Town,Premier League,W 4-1,Y,90,DF,87,1.93,33
Virgil van Dijk,21-01-2025,Home,Liverpool,Lille,Champions League,W 2-1,Y,90,DF,87,1.93,33
Virgil van Dijk,18-01-2025,Away,Liverpool,Brentford,Premier League,W 2-0,Y,90,DF,87,1.93,33
Virgil van Dijk,14-01-2025,Away,Liverpool,Nott'ham Forest,Premier League,D 1-1,Y,90,DF,87,1.93,33
Virgil van Dijk,08-01-2025,Away,Liverpool,Tottenham,EFL Cup,L 0-1,Y,90,DF,87,1.93,33
Virgil van Dijk,05-01-2025,Home,Liverpool,Manchester Utd,Premier League,D 2-2,Y,90,DF,87,1.93,33
Virgil van Dijk,29-12-2024,Away,Liverpool,West Ham,Premier League,W 5-0,Y,90,DF,87,1.93,33
Virgil van Dijk,26-12-2024,Home,Liverpool,Leicester City,Premier League,W 3-1,Y,90,DF,87,1.93,33
Virgil van Dijk,22-12-2024,Away,Liverpool,Tottenham,Premier League,W 6-3,Y,90,DF,87,1.93,33
Virgil van Dijk,14-12-2024,Home,Liverpool,Fulham,Premier League,D 2-2,Y,90,DF,87,1.93,33
Virgil van Dijk,10-12-2024,Away,Liverpool,Girona,Champions League,W 1-0,Y,90,DF,87,1.93,33
Virgil van Dijk,04-12-2024,Away,Liverpool,Newcastle Utd,Premier League,D 3-3,Y,90,DF,87,1.93,33
Virgil van Dijk,01-12-2024,Home,Liverpool,Manchester City,Premier League,W 2-0,Y,90,DF,87,1.93,33
Virgil van Dijk,27-11-2024,Home,Liverpool,Real Madrid,Champions League,W 2-0,Y,90,DF,87,1.93,33
Virgil van Dijk,24-11-2024,Away,Liverpool,Southampton,Premier League,W 3-2,Y,90,DF,87,1.93,33
Virgil van Dijk,09-11-2024,Home,Liverpool,Aston Villa,Premier League,W 2-0,Y,90,DF,87,1.93,33
Virgil van Dijk,05-11-2024,Home,Liverpool,Leverkusen,Champions League,W 4-0,Y,90,DF,87,1.93,33
Virgil van Dijk,02-11-2024,Home,Liverpool,Brighton,Premier League,W 2-1,Y,90,DF,87,1.93,33
Virgil van Dijk,27-10-2024,Away,Liverpool,Arsenal,Premier League,D 2-2,Y,90,DF,87,1.93,33
Virgil van Dijk,23-10-2024,Away,Liverpool,RB Leipzig,Champions League,W 1-0,Y,90,DF,87,1.93,33
Virgil van Dijk,20-10-2024,Home,Liverpool,Chelsea,Premier League,W 2-1,Y,90,DF,87,1.93,33
Virgil van Dijk,05-10-2024,Away,Liverpool,Crystal Palace,Premier League,W 1-0,Y,90,DF,87,1.93,33
Virgil van Dijk,02-10-2024,Home,Liverpool,Bologna,Champions League,W 2-0,Y,90,DF,87,1.93,33
Virgil van Dijk,28-09-2024,Away,Liverpool,Wolves,Premier League,W 2-1,Y,90,DF,87,1.93,33
Virgil van Dijk,21-09-2024,Home,Liverpool,Bournemouth,Premier League,W 3-0,Y,90,DF,87,1.93,33
Virgil van Dijk,17-09-2024,Away,Liverpool,Milan,Champions League,W 3-1,Y,90,DF,87,1.93,33
Virgil van Dijk,14-09-2024,Home,Liverpool,Nott'ham Forest,Premier League,L 0-1,Y,90,DF,87,1.93,33
Virgil van Dijk,01-09-2024,Away,Liverpool,Manchester Utd,Premier League,W 3-0,Y,90,DF,87,1.93,33
Virgil van Dijk,25-08-2024,Home,Liverpool,Brentford,Premier League,W 2-0,Y,90,DF,87,1.93,33
Virgil van Dijk,17-08-2024,Away,Liverpool,Ipswich Town,Premier League,W 2-0,Y,90,DF,87,1.93,33
Virgil van Dijk,19-05-2024,Home,Liverpool,Wolves,Premier League,W 2-0,Y,90,DF,87,1.93,32
Virgil van Dijk,13-05-2024,Away,Liverpool,Aston Villa,Premier League,D 3-3,Y,90,DF,87,1.93,32
Virgil van Dijk,05-05-2024,Home,Liverpool,Tottenham,Premier League,W 4-2,Y,90,DF,87,1.93,32
Virgil van Dijk,27-04-2024,Away,Liverpool,West Ham,Premier League,D 2-2,Y,90,DF,87,1.93,32
Virgil van Dijk,24-04-2024,Away,Liverpool,Everton,Premier League,L 0-2,Y,90,DF,87,1.93,32
Virgil van Dijk,21-04-2024,Away,Liverpool,Fulham,Premier League,W 3-1,Y,90,DF,87,1.93,32
Virgil van Dijk,18-04-2024,Away,Liverpool,Atalanta,Europa League,W 1-0,Y,90,DF,87,1.93,32
Virgil van Dijk,14-04-2024,Home,Liverpool,Crystal Palace,Premier League,L 0-1,Y,90,DF,87,1.93,32
Virgil van Dijk,11-04-2024,Home,Liverpool,Atalanta,Europa League,L 0-3,Y,90,DF,87,1.93,32
Virgil van Dijk,07-04-2024,Away,Liverpool,Manchester Utd,Premier League,D 2-2,Y,90,DF,87,1.93,32
Virgil van Dijk,04-04-2024,Home,Liverpool,Sheffield Utd,Premier League,W 3-1,Y,90,DF,87,1.93,32
Virgil van Dijk,31-03-2024,Home,Liverpool,Brighton,Premier League,W 2-1,Y,90,DF,87,1.93,32
Virgil van Dijk,17-03-2024,Away,Liverpool,Manchester Utd,FA Cup,L 3-4 (aet),Y,120,DF,87,1.93,32
Virgil van Dijk,14-03-2024,Home,Liverpool,Sparta Prague,Europa League,W 6-1,N,25,DF,87,1.93,32
Virgil van Dijk,10-03-2024,Home,Liverpool,Manchester City,Premier League,D 1-1,Y,90,DF,87,1.93,32
Virgil van Dijk,07-03-2024,Away,Liverpool,Sparta Prague,Europa League,W 5-1,N,41,DF,87,1.93,32
Virgil van Dijk,02-03-2024,Away,Liverpool,Nott'ham Forest,Premier League,W 1-0,Y,90,DF,87,1.93,32
Virgil van Dijk,28-02-2024,Home,Liverpool,Southampton,FA Cup,W 3-0,Y,45,DF,87,1.93,32
Virgil van Dijk,25-02-2024,Away,Liverpool,Chelsea,EFL Cup,W 1-0 (aet),Y,120,DF,87,1.93,32
Virgil van Dijk,21-02-2024,Home,Liverpool,Luton Town,Premier League,W 4-1,Y,90,DF,87,1.93,32
Virgil van Dijk,17-02-2024,Away,Liverpool,Brentford,Premier League,W 4-1,Y,90,DF,87,1.93,32
Virgil van Dijk,10-02-2024,Home,Liverpool,Burnley,Premier League,W 3-1,Y,90,DF,87,1.93,32
Virgil van Dijk,04-02-2024,Away,Liverpool,Arsenal,Premier League,L 1-3,Y,90,DF,87,1.93,32
Virgil van Dijk,31-01-2024,Home,Liverpool,Chelsea,Premier League,W 4-1,Y,90,DF,87,1.93,32
Virgil van Dijk,28-01-2024,Home,Liverpool,Norwich City,FA Cup,W 5-2,N,36,DF,87,1.93,32
Virgil van Dijk,24-01-2024,Away,Liverpool,Fulham,EFL Cup,D 1-1,Y,90,DF,87,1.93,32
Virgil van Dijk,21-01-2024,Away,Liverpool,Bournemouth,Premier League,W 4-0,Y,90,DF,87,1.93,32
Virgil van Dijk,10-01-2024,Home,Liverpool,Fulham,EFL Cup,W 2-1,Y,90,DF,87,1.93,32
Virgil van Dijk,01-01-2024,Home,Liverpool,Newcastle Utd,Premier League,W 4-2,Y,90,DF,87,1.93,32
Virgil van Dijk,26-12-2023,Away,Liverpool,Burnley,Premier League,W 2-0,Y,90,DF,87,1.93,32
Virgil van Dijk,23-12-2023,Home,Liverpool,Arsenal,Premier League,D 1-1,Y,90,DF,87,1.93,32
Virgil van Dijk,20-12-2023,Home,Liverpool,West Ham,EFL Cup,W 5-1,Y,59,DF,87,1.93,32
Virgil van Dijk,17-12-2023,Home,Liverpool,Manchester Utd,Premier League,D 0-0,Y,90,DF,87,1.93,32
Virgil van Dijk,09-12-2023,Away,Liverpool,Crystal Palace,Premier League,W 2-1,Y,90,DF,87,1.93,32
Virgil van Dijk,06-12-2023,Away,Liverpool,Sheffield Utd,Premier League,W 2-0,Y,90,DF,87,1.93,32
Virgil van Dijk,03-12-2023,Home,Liverpool,Fulham,Premier League,W 4-3,Y,90,DF,87,1.93,32
Virgil van Dijk,25-11-2023,Away,Liverpool,Manchester City,Premier League,D 1-1,Y,90,DF,87,1.93,32
Virgil van Dijk,12-11-2023,Home,Liverpool,Brentford,Premier League,W 3-0,Y,90,DF,87,1.93,32
Virgil van Dijk,05-11-2023,Away,Liverpool,Luton Town,Premier League,D 1-1,Y,90,DF,87,1.93,32
Virgil van Dijk,29-10-2023,Home,Liverpool,Nott'ham Forest,Premier League,W 3-0,Y,90,DF,87,1.93,32
Virgil van Dijk,21-10-2023,Home,Liverpool,Everton,Premier League,W 2-0,Y,90,DF,87,1.93,32
Virgil van Dijk,08-10-2023,Away,Liverpool,Brighton,Premier League,D 2-2,Y,90,DF,87,1.93,32
Virgil van Dijk,30-09-2023,Away,Liverpool,Tottenham,Premier League,L 1-2,Y,90,DF,87,1.93,32
Virgil van Dijk,24-09-2023,Home,Liverpool,West Ham,Premier League,W 3-1,Y,90,DF,87,1.93,32
Virgil van Dijk,21-09-2023,Away,Liverpool,LASK,Europa League,W 3-1,Y,90,DF,87,1.93,32
Virgil van Dijk,27-08-2023,Away,Liverpool,Newcastle Utd,Premier League,W 2-1,Y,27,DF,87,1.93,32
Virgil van Dijk,19-08-2023,Home,Liverpool,Bournemouth,Premier League,W 3-1,Y,90,DF,87,1.93,32
Virgil van Dijk,13-08-2023,Away,Liverpool,Chelsea,Premier League,D 1-1,Y,90,DF,87,1.93,32
Virgil van Dijk,20-05-2023,Home,Liverpool,Aston Villa,Premier League,D 1-1,Y,90,DF,87,1.93,31
Virgil van Dijk,15-05-2023,Away,Liverpool,Leicester City,Premier League,W 3-0,Y,90,DF,87,1.93,31
Virgil van Dijk,06-05-2023,Home,Liverpool,Brentford,Premier League,W 1-0,Y,90,DF,87,1.93,31
Virgil van Dijk,03-05-2023,Home,Liverpool,Fulham,Premier League,W 1-0,Y,90,DF,87,1.93,31
Virgil van Dijk,30-04-2023,Home,Liverpool,Tottenham,Premier League,W 4-3,Y,90,DF,87,1.93,31
Virgil van Dijk,26-04-2023,Away,Liverpool,West Ham,Premier League,W 2-1,Y,90,DF,87,1.93,31
Virgil van Dijk,22-04-2023,Home,Liverpool,Nott'ham Forest,Premier League,W 3-2,Y,90,DF,87,1.93,31
Virgil van Dijk,17-04-2023,Away,Liverpool,Leeds United,Premier League,W 6-1,Y,90,DF,87,1.93,31
Virgil van Dijk,09-04-2023,Home,Liverpool,Arsenal,Premier League,D 2-2,Y,90,DF,87,1.93,31
Virgil van Dijk,01-04-2023,Away,Liverpool,Manchester City,Premier League,L 1-4,Y,90,DF,87,1.93,31
Virgil van Dijk,15-03-2023,Away,Liverpool,Real Madrid,Champions League,L 0-1,Y,90,DF,87,1.93,31
Virgil van Dijk,11-03-2023,Away,Liverpool,Bournemouth,Premier League,L 0-1,Y,90,DF,87,1.93,31
Virgil van Dijk,05-03-2023,Home,Liverpool,Manchester Utd,Premier League,W 7-0,Y,90,DF,87,1.93,31
Virgil van Dijk,01-03-2023,Home,Liverpool,Wolves,Premier League,W 2-0,Y,90,DF,87,1.93,31
Virgil van Dijk,25-02-2023,Away,Liverpool,Crystal Palace,Premier League,D 0-0,Y,90,DF,87,1.93,31
Virgil van Dijk,21-02-2023,Home,Liverpool,Real Madrid,Champions League,L 2-5,Y,90,DF,87,1.93,31
Virgil van Dijk,18-02-2023,Away,Liverpool,Newcastle Utd,Premier League,W 2-0,Y,90,DF,87,1.93,31
Virgil van Dijk,02-01-2023,Away,Liverpool,Brentford,Premier League,L 1-3,Y,45,DF,87,1.93,31
Virgil van Dijk,30-12-2022,Home,Liverpool,Leicester City,Premier League,W 2-1,Y,90,DF,87,1.93,31
Virgil van Dijk,26-12-2022,Away,Liverpool,Aston Villa,Premier League,W 3-1,Y,90,DF,87,1.93,31
Virgil van Dijk,12-11-2022,Home,Liverpool,Southampton,Premier League,W 3-1,Y,90,DF,87,1.93,31
Virgil van Dijk,06-11-2022,Away,Liverpool,Tottenham,Premier League,W 2-1,Y,90,DF,87,1.93,31
Virgil van Dijk,01-11-2022,Home,Liverpool,Napoli,Champions League,W 2-0,Y,90,DF,87,1.93,31
Virgil van Dijk,29-10-2022,Home,Liverpool,Leeds United,Premier League,L 1-2,Y,90,DF,87,1.93,31
Virgil van Dijk,26-10-2022,Away,Liverpool,Ajax,Champions League,W 3-0,Y,90,DF,87,1.93,31
Virgil van Dijk,22-10-2022,Away,Liverpool,Nott'ham Forest,Premier League,L 0-1,Y,90,DF,87,1.93,31
Virgil van Dijk,19-10-2022,Home,Liverpool,West Ham,Premier League,W 1-0,Y,90,DF,87,1.93,31
Virgil van Dijk,16-10-2022,Home,Liverpool,Manchester City,Premier League,W 1-0,Y,90,DF,87,1.93,31
Virgil van Dijk,12-10-2022,Away,Liverpool,Rangers,Champions League,W 7-1,Y,90,DF,87,1.93,31
Virgil van Dijk,09-10-2022,Away,Liverpool,Arsenal,Premier League,L 2-3,Y,90,DF,87,1.93,31
Virgil van Dijk,04-10-2022,Home,Liverpool,Rangers,Champions League,W 2-0,Y,90,DF,87,1.93,31
Virgil van Dijk,01-10-2022,Home,Liverpool,Brighton,Premier League,D 3-3,Y,90,DF,87,1.93,31
Virgil van Dijk,13-09-2022,Home,Liverpool,Ajax,Champions League,W 2-1,Y,90,DF,87,1.93,31
Virgil van Dijk,07-09-2022,Away,Liverpool,Napoli,Champions League,L 1-4,Y,90,DF,87,1.93,31
Virgil van Dijk,03-09-2022,Away,Liverpool,Everton,Premier League,D 0-0,Y,90,DF,87,1.93,31
Virgil van Dijk,31-08-2022,Home,Liverpool,Newcastle Utd,Premier League,W 2-1,Y,90,DF,87,1.93,31
Virgil van Dijk,27-08-2022,Home,Liverpool,Bournemouth,Premier League,W 9-0,Y,90,DF,87,1.93,31
Virgil van Dijk,22-08-2022,Away,Liverpool,Manchester Utd,Premier League,L 1-2,Y,90,DF,87,1.93,31
Virgil van Dijk,15-08-2022,Home,Liverpool,Crystal Palace,Premier League,D 1-1,Y,90,DF,87,1.93,31
Virgil van Dijk,06-08-2022,Away,Liverpool,Fulham,Premier League,D 2-2,Y,90,DF,87,1.93,31
Virgil van Dijk,30-07-2022,Neutral,Liverpool,Manchester City,FA Community Shield,W 3-1,Y,90,DF,87,1.93,30
Vitezslav Jaros,30-10-2024,Away,Liverpool,Brighton,EFL Cup,W 3-2,Y,90,GK,70,1.84,23
Vitezslav Jaros,05-10-2024,Away,Liverpool,Crystal Palace,Premier League,W 1-0,N,12,GK,70,1.84,23
Wataru Endo,25-05-2025,Home,Liverpool,Crystal Palace,Premier League,D 1-1,N,22,"MF,DF",75,1.78,31
Wataru Endo,19-05-2025,Away,Liverpool,Brighton,Premier League,L 2-3,N,14,"MF,DF",75,1.78,31
Wataru Endo,04-05-2025,Away,Liverpool,Chelsea,Premier League,L 1-3,Y,68,"MF,DF",75,1.78,31
Wataru Endo,27-04-2025,Home,Liverpool,Tottenham,Premier League,W 5-1,N,15,"MF,DF",75,1.78,31
Wataru Endo,13-04-2025,Home,Liverpool,West Ham,Premier League,W 2-1,N,6,"MF,DF",75,1.78,31
Wataru Endo,02-04-2025,Home,Liverpool,Everton,Premier League,W 1-0,N,1,"MF,DF",75,1.78,31
Wataru Endo,11-03-2025,Home,Liverpool,Paris S-G,Champions League,L 0-1 (pk),N,10,"MF,DF",75,1.78,31
Wataru Endo,08-03-2025,Home,Liverpool,Southampton,Premier League,W 3-1,N,10,"MF,DF",75,1.78,31
Wataru Endo,05-03-2025,Away,Liverpool,Paris S-G,Champions League,W 1-0 (pk),N,12,"MF,DF",75,1.78,31
Wataru Endo,26-02-2025,Home,Liverpool,Newcastle Utd,Premier League,W 2-0,N,14,"MF,DF",75,1.78,31
Wataru Endo,23-02-2025,Away,Liverpool,Manchester City,Premier League,W 2-0,N,17,"MF,DF",75,1.78,31
Wataru Endo,16-02-2025,Home,Liverpool,Wolves,Premier League,W 2-1,N,20,"MF,DF",75,1.78,31
Wataru Endo,09-02-2025,Away,Liverpool,Plymouth Argyle,FA Cup,L 0-1,Y,90,"MF,DF",75,1.78,31
Wataru Endo,01-02-2025,Away,Liverpool,Bournemouth,Premier League,W 2-0,N,3,"MF,DF",75,1.78,31
Wataru Endo,29-01-2025,Away,Liverpool,PSV Eindhoven,Champions League,L 2-3,Y,90,"MF,DF",75,1.78,31
Wataru Endo,25-01-2025,Home,Liverpool,Ipswich Town,Premier League,W 4-1,N,23,"MF,DF",75,1.78,31
Wataru Endo,21-01-2025,Home,Liverpool,Lille,Champions League,W 2-1,N,28,"MF,DF",75,1.78,31
Wataru Endo,11-01-2025,Home,Liverpool,Acc'ton Stanley,FA Cup,W 4-0,Y,78,"MF,DF",75,1.78,31
Wataru Endo,08-01-2025,Away,Liverpool,Tottenham,EFL Cup,L 0-1,N,61,"MF,DF",75,1.78,31
Wataru Endo,29-12-2024,Away,Liverpool,West Ham,Premier League,W 5-0,N,33,"MF,DF",75,1.78,31
Wataru Endo,26-12-2024,Home,Liverpool,Leicester City,Premier League,W 3-1,N,4,"MF,DF",75,1.78,31
Wataru Endo,18-12-2024,Away,Liverpool,Southampton,EFL Cup,W 2-1,Y,90,"MF,DF",75,1.78,31
Wataru Endo,10-12-2024,Away,Liverpool,Girona,Champions League,W 1-0,N,2,"MF,DF",75,1.78,31
Wataru Endo,24-11-2024,Away,Liverpool,Southampton,Premier League,W 3-2,N,1,"MF,DF",75,1.78,31
Wataru Endo,09-11-2024,Home,Liverpool,Aston Villa,Premier League,W 2-0,N,4,"MF,DF",75,1.78,31
Wataru Endo,02-11-2024,Home,Liverpool,Brighton,Premier League,W 2-1,N,14,"MF,DF",75,1.78,31
Wataru Endo,30-10-2024,Away,Liverpool,Brighton,EFL Cup,W 3-2,Y,63,"MF,DF",75,1.78,31
Wataru Endo,27-10-2024,Away,Liverpool,Arsenal,Premier League,D 2-2,N,1,"MF,DF",75,1.78,31
Wataru Endo,05-10-2024,Away,Liverpool,Crystal Palace,Premier League,W 1-0,N,2,"MF,DF",75,1.78,31
Wataru Endo,25-09-2024,Home,Liverpool,West Ham,EFL Cup,W 5-1,Y,81,"MF,DF",75,1.78,31
Wataru Endo,17-09-2024,Away,Liverpool,Milan,Champions League,W 3-1,N,1,"MF,DF",75,1.78,31
Wataru Endo,25-08-2024,Home,Liverpool,Brentford,Premier League,W 2-0,N,1,"MF,DF",75,1.78,31
Wataru Endo,19-05-2024,Home,Liverpool,Wolves,Premier League,W 2-0,Y,90,MF,75,1.78,30
Wataru Endo,13-05-2024,Away,Liverpool,Aston Villa,Premier League,D 3-3,Y,75,MF,75,1.78,30
Wataru Endo,05-05-2024,Home,Liverpool,Tottenham,Premier League,W 4-2,Y,64,MF,75,1.78,30
Wataru Endo,27-04-2024,Away,Liverpool,West Ham,Premier League,D 2-2,Y,78,MF,75,1.78,30
Wataru Endo,24-04-2024,Away,Liverpool,Everton,Premier League,L 0-2,N,28,MF,75,1.78,30
Wataru Endo,21-04-2024,Away,Liverpool,Fulham,Premier League,W 3-1,Y,90,MF,75,1.78,30
Wataru Endo,14-04-2024,Home,Liverpool,Crystal Palace,Premier League,L 0-1,Y,45,MF,75,1.78,30
Wataru Endo,11-04-2024,Home,Liverpool,Atalanta,Europa League,L 0-3,Y,75,MF,75,1.78,30
Wataru Endo,07-04-2024,Away,Liverpool,Manchester Utd,Premier League,D 2-2,Y,68,MF,75,1.78,30
Wataru Endo,31-03-2024,Home,Liverpool,Brighton,Premier League,W 2-1,Y,90,MF,75,1.78,30
Wataru Endo,17-03-2024,Away,Liverpool,Manchester Utd,FA Cup,L 3-4 (aet),Y,120,MF,75,1.78,30
Wataru Endo,14-03-2024,Home,Liverpool,Sparta Prague,Europa League,W 6-1,Y,45,MF,75,1.78,30
Wataru Endo,10-03-2024,Home,Liverpool,Manchester City,Premier League,D 1-1,Y,90,MF,75,1.78,30
Wataru Endo,07-03-2024,Away,Liverpool,Sparta Prague,Europa League,W 5-1,Y,90,MF,75,1.78,30
Wataru Endo,02-03-2024,Away,Liverpool,Nott'ham Forest,Premier League,W 1-0,N,31,MF,75,1.78,30
Wataru Endo,25-02-2024,Away,Liverpool,Chelsea,EFL Cup,W 1-0 (aet),Y,120,MF,75,1.78,30
Wataru Endo,21-02-2024,Home,Liverpool,Luton Town,Premier League,W 4-1,Y,90,MF,75,1.78,30
Wataru Endo,17-02-2024,Away,Liverpool,Brentford,Premier League,W 4-1,Y,90,MF,75,1.78,30
Wataru Endo,10-02-2024,Home,Liverpool,Burnley,Premier League,W 3-1,Y,89,MF,75,1.78,30
Wataru Endo,01-01-2024,Home,Liverpool,Newcastle Utd,Premier League,W 4-2,Y,74,MF,75,1.78,30
Wataru Endo,26-12-2023,Away,Liverpool,Burnley,Premier League,W 2-0,Y,90,MF,75,1.78,30
Wataru Endo,23-12-2023,Home,Liverpool,Arsenal,Premier League,D 1-1,Y,90,MF,75,1.78,30
Wataru Endo,20-12-2023,Home,Liverpool,West Ham,EFL Cup,W 5-1,Y,59,MF,75,1.78,30
Wataru Endo,17-12-2023,Home,Liverpool,Manchester Utd,Premier League,D 0-0,Y,90,MF,75,1.78,30
Wataru Endo,14-12-2023,Away,Liverpool,Union SG,Europa League,L 1-2,Y,45,MF,75,1.78,30
Wataru Endo,09-12-2023,Away,Liverpool,Crystal Palace,Premier League,W 2-1,Y,45,MF,75,1.78,30
Wataru Endo,06-12-2023,Away,Liverpool,Sheffield Utd,Premier League,W 2-0,Y,90,MF,75,1.78,30
Wataru Endo,03-12-2023,Home,Liverpool,Fulham,Premier League,W 4-3,N,8,MF,75,1.78,30
Wataru Endo,30-11-2023,Home,Liverpool,LASK,Europa League,W 4-0,Y,90,MF,75,1.78,30
Wataru Endo,25-11-2023,Away,Liverpool,Manchester City,Premier League,D 1-1,N,6,MF,75,1.78,30
Wataru Endo,12-11-2023,Home,Liverpool,Brentford,Premier League,W 3-0,Y,90,MF,75,1.78,30
Wataru Endo,09-11-2023,Away,Liverpool,Toulouse,Europa League,L 2-3,Y,45,MF,75,1.78,30
Wataru Endo,01-11-2023,Away,Liverpool,Bournemouth,EFL Cup,W 2-1,Y,60,MF,75,1.78,30
Wataru Endo,29-10-2023,Home,Liverpool,Nott'ham Forest,Premier League,W 3-0,N,11,MF,75,1.78,30
Wataru Endo,26-10-2023,Home,Liverpool,Toulouse,Europa League,W 5-1,Y,90,MF,75,1.78,30
Wataru Endo,05-10-2023,Home,Liverpool,Union SG,Europa League,W 2-0,Y,45,MF,75,1.78,30
Wataru Endo,30-09-2023,Away,Liverpool,Tottenham,Premier League,L 1-2,N,18,MF,75,1.78,30
Wataru Endo,27-09-2023,Home,Liverpool,Leicester City,EFL Cup,W 3-1,Y,90,MF,75,1.78,30
Wataru Endo,24-09-2023,Home,Liverpool,West Ham,Premier League,W 3-1,N,3,MF,75,1.78,30
Wataru Endo,21-09-2023,Away,Liverpool,LASK,Europa League,W 3-1,Y,60,MF,75,1.78,30
Wataru Endo,03-09-2023,Home,Liverpool,Aston Villa,Premier League,W 3-0,N,4,MF,75,1.78,30
Wataru Endo,27-08-2023,Away,Liverpool,Newcastle Utd,Premier League,W 2-1,Y,57,MF,75,1.78,30
Wataru Endo,19-08-2023,Home,Liverpool,Bournemouth,Premier League,W 3-1,N,28,MF,75,1.78,30
